Name,Symbol,Open,High,Low,Close,Net Chg,% Chg,Volume,52 Wk High,52 Wk Low,Div,Yield, YTD % Chg
Aegon 8% Non Cum. Sub. Notes,AEK,26.67,26.84,26.67,26.80,0.13,0.49,38301,26.89,25.54,2.00,7.46,1.02,Preferred Stocks
AEGON 6.50% Perp. Capital Securities,AED,25.90,25.90,25.82,25.85,-0.05,-0.19,23744,26.47,24.55,1.63,6.29,-0.39,Preferred Stocks
AEGON 6.375% Perp. Capital Securities,AEH,25.80,25.80,25.63,25.66,-0.18,-0.70,64212,26.32,25.21,1.59,6.21,-0.62,Preferred Stocks
AEGON 6.2996% Floating Perp. Capital Securities,AEB,24.80,24.91,24.55,24.55,-0.23,-0.93,32913,25.44,22.79,1.00,4.07,1.49,Preferred Stocks
AG Mortgage Investment Trust 8% pfd. Series B,MITTB,25.08,25.21,25.07,25.10,-0.12,-0.48,8224,25.65,24.14,2.00,7.97,-0.91,Preferred Stocks
AG Mortgage Investment Trust 8.25% pfd. Series A,MITTA,25.35,25.82,25.27,25.30,-0.05,-0.20,3933,25.82,24.60,2.06,8.15,-0.20,Preferred Stocks
AGNC Investment Dep. pfd. (Rep. 1/1000th pfd. Series B),AGNCB,26.20,26.33,26.10,26.33,0.13,0.50,54892,26.87,24.95,1.94,7.36,1.90,Preferred Stocks
AGNC Investment Dep. pfd. (Rep. 1/1000th pfd. Series C),AGNCN,25.98,26.00,25.80,25.89,-0.06,-0.23,34092,26.79,24.70,1.75,6.76,0.66,Preferred Stocks
Alabama Power 5% Cum. Redeem. Perp. pfd. Cl A,ALPQ,26.11,26.11,25.78,25.99,-0.12,-0.46,12495,27.05,24.90,1.25,4.81,-2.22,Preferred Stocks
Alexandria Real Estate Equities 7.00% Cum. Conv. pfd. Series D,ARED,36.77,36.77,36.25,36.50,-0.07,-0.20,4953,37.59,33.75,1.75,4.79,-1.34,Preferred Stocks
Allergan Cum. Conv. pfd. Series A,AGNA,632.90,644.26,632.90,642.16,9.69,1.53,16592,907.69,575.00,55.00,8.56,9.54,Preferred Stocks
Allied Capital 6.875% Notes 2047,AFC,25.97,25.97,25.64,25.65,-0.12,-0.47,12389,26.24,25.19,1.72,6.70,0.67,Preferred Stocks
Allstate 5.100% Fixed-To-Floating Rate Sub. Deb. due 2053,ALLPB,26.33,26.33,26.18,26.18,-0.12,-0.46,26053,28.29,25.43,1.27,4.87,-0.23,Preferred Stocks
Allstate Dep. pfd. (Rep. 1/1000 Share Perp. pfd. Series E),ALLEE,26.16,26.18,26.05,26.05,-0.07,-0.27,88243,27.74,25.92,1.66,6.36,-0.76,Preferred Stocks
Allstate Dep. pfd. (Rep. 1/1000th 6.25% Non-Cum. Perp. pfd. Series F),ALLF,26.22,26.32,26.15,26.18,0.05,0.20,10363,27.92,25.02,1.56,5.97,-1.58,Preferred Stocks
Allstate Dep. pfd. (Rep. 1/1000th 6.75% Non-Cum. Perp. pfd. Series C),ALLC,25.96,25.96,25.81,25.83,-0.06,-0.23,23935,27.74,25.70,1.69,6.53,-0.73,Preferred Stocks
Allstate Dep. pfd. (Rep. 1/1000th Perp. pfd. Series A),ALLA,25.68,25.68,25.31,25.42,-0.14,-0.55,11398,26.43,25.05,1.41,5.53,-0.70,Preferred Stocks
Allstate Dep. pfd. (Rep. 1/1000th Perp. pfd. Series D),ALLD,26.54,26.54,26.21,26.28,-0.04,-0.15,26058,27.98,26.08,1.66,6.30,-0.42,Preferred Stocks
American Financial Group 6% Sub. Deb. 2055,AFGH,26.44,26.44,26.19,26.31,0.02,0.07,6698,28.40,25.01,1.50,5.70,0.34,Preferred Stocks
American Financial Group 6.25% Sub. Deb. 2054,AFGE,26.05,26.18,26.05,26.13,0.09,0.35,7573,27.53,24.93,1.56,5.98,-0.34,Preferred Stocks
American Homes 4 Rent 6.35% Cum. Redeem. pfd. Series E,AMHE,26.49,26.49,26.25,26.48,0.10,0.37,11407,27.53,23.89,1.59,6.00,-1.16,Preferred Stocks
American Homes 4 Rent 5.875% Conv. pfd. Series G,AMHG,25.10,25.10,25.05,25.05,-0.01,-0.04,3595,26.38,24.04,1.47,5.86,-0.48,Preferred Stocks
American Homes 4 Rent 5.875% Cum. Redeem. Perp. pfd. Series F,AMHF,25.23,25.36,25.17,25.33,0.13,0.52,8381,26.27,24.00,1.47,5.80,-0.90,Preferred Stocks
American Homes 4 Rent Cum. Redeem. pfd. 6.5% Series D,AMHDX,27.13,27.13,26.62,27.00,-0.12,-0.44,3659,27.73,24.16,1.63,6.02,-1.39,Preferred Stocks
American Homes 4 Rent Part. pfd. Series C,AMHCX,28.31,28.34,28.22,28.22,-0.14,-0.49,37767,29.50,27.27,1.38,4.87,-0.81,Preferred Stocks
American Tower Dep. pfd. (Rep. 1/10th pfd. Conv. Series B),AMTB,118.11,121.83,117.96,119.79,2.26,1.92,192547,135.99,99.45,5.50,4.59,-4.74,Preferred Stocks
AmTrust Financial Services 7.5% Sub. Notes 111555,AFST,24.15,24.15,23.35,24.11,-0.29,-1.18,64036,27.79,22.46,1.88,7.78,-6.88,Preferred Stocks
AmTrust Financial Services 6.75% pfd. Series A,AFSIA,18.68,18.68,15.56,17.00,-2.33,-12.05,195832,25.50,15.56,1.69,9.93,-17.48,Preferred Stocks
AmTrust Financial Services 7.25% Sub. Notes 2055,AFSS,24.20,24.20,22.84,24.00,-0.33,-1.36,85566,26.50,22.57,1.81,7.55,-4.00,Preferred Stocks
AmTrust Financial Services Dep. pfd. (Rep. 1/40th 7.25% Non-Cum. pfd. Series B),AFSIB,20.76,20.76,17.58,18.12,-2.83,-13.51,96829,26.25,17.58,1.81,10.00,-17.11,Preferred Stocks
AmTrust Financial Services Dep. pfd. (Rep. 1/40th 7.625% Non-Cum. pfd. Series C),AFSIC,20.50,20.66,18.30,18.85,-2.41,-11.34,131034,26.20,18.30,1.91,10.11,-16.18,Preferred Stocks
AmTrust Financial Services Dep. pfd. (Rep. 1/40th Non-Cum. pfd. Series E),AFSIE,21.00,21.15,19.12,19.99,-1.66,-7.67,344153,26.90,19.12,1.94,9.69,-12.78,Preferred Stocks
AmTrust Financial Services Dep pfd. (Rep. 1/40th Non-Cum pfd. Series F),AFSIF,19.15,19.16,16.90,17.50,-2.17,-11.03,501571,25.05,16.90,1.74,9.93,-14.76,Preferred Stocks
AmTrust Financial Services Dep. pfd. (Rep. 1/40th pfd. Series D),AFSID,20.40,20.40,17.81,18.42,-2.65,-12.58,225355,26.12,17.81,1.88,10.18,-16.99,Preferred Stocks
Annaly Capital Management 6.95% Cum. Redeem. pfd. Series F,NLYF,25.88,25.92,25.81,25.90,0.05,0.19,94102,26.59,24.78,...,...,0.31,Preferred Stocks
Annaly Capital Management 7.625% Cum. Redeem. pfd. Series E,NLYE,25.16,25.16,25.16,25.16,...,...,16928,25.89,24.01,1.91,7.58,-0.36,Preferred Stocks
Annaly Capital Management pfd. Series C,NLYC,25.30,25.33,25.25,25.26,-0.04,-0.16,35290,26.34,23.80,1.91,7.55,-0.90,Preferred Stocks
Annaly Capital Management pfd. Series D,NLYD,25.55,25.55,25.34,25.40,-0.11,-0.43,25034,26.27,23.81,1.88,7.38,0.16,Preferred Stocks
Anworth Mortgage Asset 7.625% pfd. Series C,ANHC,25.25,25.25,25.20,25.20,-0.03,-0.10,7937,25.49,24.52,1.91,7.56,0.16,Preferred Stocks
Anworth Mortgage Asset 8.625% Cum. pfd. Series A,ANHA,25.88,25.90,25.50,25.57,-0.29,-1.13,4325,28.19,25.30,2.16,8.43,-3.29,Preferred Stocks
Apollo Commercial Real Estate Finance 8% Cum. Redeem. Perp. pfd. Series C,ARIC,25.29,25.29,25.12,25.14,-0.02,-0.06,33052,25.89,24.54,2.00,7.95,-2.58,Preferred Stocks
Apollo Global Management 6.375% pfd. Series A,APOA,25.99,26.01,25.78,25.78,-0.20,-0.77,26570,26.62,24.41,1.59,6.18,-1.94,Preferred Stocks
Apollo Investment 6.875% Sr. Notes due 2043,AIY,25.97,25.97,25.68,25.80,-0.07,-0.27,6961,26.86,25.32,1.72,6.66,-1.04,Preferred Stocks
Arbor Realty Trust 8.5% Cum. Redeem. pfd. Series C,ABRC,26.06,26.07,26.00,26.07,0.06,0.21,2146,26.68,25.13,2.13,8.15,-0.45,Preferred Stocks
Arbor Realty Trust 7.75% Cum. Redeem. Pfd. Series B,ABRB,25.33,25.33,25.33,25.33,-0.12,-0.48,166,26.00,24.57,1.94,7.65,-0.89,Preferred Stocks
Arbor Realty Trust 8.25% pfd. Cum. Redeem. Series A,ABRA,25.35,25.44,25.33,25.42,0.07,0.27,4627,25.98,24.99,2.06,8.11,0.33,Preferred Stocks
Arbor Realty Trust 7.375% Sr. Notes 051521,ABRN,25.82,25.85,25.74,25.74,-0.09,-0.35,13499,25.85,25.02,1.84,7.16,1.16,Preferred Stocks
Arch Capital Group Dep. pfd. (Rep. 1/1000th Non-Cum. pfd. Series F),ACGLO,25.54,25.54,25.33,25.49,-0.06,-0.23,70338,25.99,24.80,...,...,0.59,Preferred Stocks
Arch Capital Group Dep. pfd. (Rep. 1/1000th pfd. Series E),ACGLP,25.00,25.05,24.86,24.96,-0.03,-0.12,64966,25.25,21.66,1.31,5.26,-0.64,Preferred Stocks
Arconic $3.75 Cum. pfd.,ARNC+,91.07,92.50,91.07,92.50,2.43,2.70,605,92.50,84.03,3.75,4.05,2.49,Preferred Stocks
Ares Management 7% pfd. Un Series A,ARESA,26.59,26.66,26.53,26.55,-0.07,-0.26,8652,27.43,24.92,1.75,6.59,0.19,Preferred Stocks
Argo Group International Holdings 6.5% Senior Notes Due 2042,AGIIL,25.25,25.29,25.23,25.29,0.05,0.21,6259,26.25,24.90,1.63,6.42,0.07,Preferred Stocks
Arlington Asset Investment 7% Cum. Redeem. pfd. Series B,AI+B,24.92,24.95,24.90,24.95,-0.01,-0.04,2015,26.52,22.88,1.75,7.01,0.04,Preferred Stocks
Arlington Asset Investment 6.75% Sr. Notes 031525,AIC,24.65,24.67,24.42,24.42,-0.29,-1.18,8107,24.97,21.82,1.69,6.91,0.73,Preferred Stocks
Arlington Asset Investment 6.625% Notes due 2023,AIW,24.40,24.40,24.05,24.07,0.02,0.07,2180,25.45,23.40,1.66,6.88,-1.49,Preferred Stocks
Armour Residential REIT 7.875% pfd. Series B,ARRB,24.99,25.05,24.99,25.05,0.06,0.24,27786,25.37,23.10,1.97,7.86,0.12,Preferred Stocks
Armour Residential REIT pfd. Series A,ARRA,25.50,25.50,25.46,25.46,-0.06,-0.23,4610,25.83,24.10,2.06,8.10,0.05,Preferred Stocks
Ashford Hospitality Prime 5.5% Cum. Conv. pfd. Series B,AHPB,20.27,20.27,19.84,19.96,-0.11,-0.54,12455,22.51,17.92,1.38,6.89,-0.14,Preferred Stocks
Ashford Hospitality Trust 7.5% Cum. pfd. Series H,AHTH,24.98,25.00,24.71,24.80,-0.03,-0.12,25638,25.47,24.50,1.88,7.56,-2.40,Preferred Stocks
Ashford Hospitality Trust 7.5% pfd. Series I,AHTI,24.95,24.98,24.77,24.95,-0.03,-0.12,45222,25.16,24.39,...,...,-0.64,Preferred Stocks
Ashford Hospitality Trust 8.45% Cum. pfd. Series D,AHTD,25.36,25.37,25.26,25.28,0.03,0.12,13307,26.00,25.00,2.11,8.36,0.40,Preferred Stocks
Ashford Hospitality Trust 7.375% Cum. pfd. Series G,AHTG,24.85,24.94,24.63,24.67,-0.18,-0.71,30787,25.44,22.63,1.84,7.47,-1.78,Preferred Stocks
Ashford Hospitality Trust pfd. Series F,AHTF,24.82,24.90,24.78,24.80,-0.24,-0.95,38595,25.50,23.19,1.84,7.43,-2.36,Preferred Stocks
Aspen Insurance Holdings 5.95% Fixed-to-Floating Rate Perp. pfd.,AHLC,27.11,27.28,27.11,27.26,0.01,0.04,25493,28.99,25.61,1.49,5.46,-0.07,Preferred Stocks
Aspen Insurance Holdings 5.625% Perp. pfd.,AHLD,25.27,25.31,25.11,25.11,-0.13,-0.50,24959,26.60,22.71,1.41,5.60,-2.60,Preferred Stocks
Associated Banc Dep. pfd. (Rep. 1/40th Non-Cum. Perp. pfd. Series D),ASBD,25.48,25.49,25.29,25.30,-0.10,-0.39,5646,26.65,22.39,1.34,5.31,-2.54,Preferred Stocks
Associated Banc Perp. pfd. Series C,ASBC,26.74,26.74,26.38,26.46,-0.22,-0.82,597,27.50,25.31,1.53,5.79,-2.64,Preferred Stocks
Assured Guaranty Municipal Holding 5.60% Notes 2103,AGOF,25.22,25.22,25.08,25.12,0.07,0.28,4026,25.68,24.12,1.40,5.57,0.24,Preferred Stocks
Assured Guaranty Municipal Holding 6.25% Notes 2102,AGOG,25.64,25.95,25.29,25.58,0.11,0.43,7209,26.82,24.54,1.56,6.11,-2.18,Preferred Stocks
Assured Guaranty Municipal Holding Inc. 6.875% Quarterly Interest Bonds 2101,AGOB,25.89,26.00,25.89,26.00,...,...,4882,26.72,25.33,1.72,6.61,-0.04,Preferred Stocks
Atlas Financial Holdings 6.625% Sr. Unsec. Notes Due 2022,AFHBL,26.88,27.00,26.00,26.21,-0.25,-0.94,1718,27.87,25.11,...,...,0.63,Preferred Stocks
AT&T 5.35% Global Notes due 2066,TBB,25.50,25.57,25.30,25.37,-0.00,-0.00,430582,26.72,25.16,1.34,5.27,-2.76,Preferred Stocks
Avid Bioservices Inc. 10.5% Conv. pfd. Series E,CDMOP,24.09,24.25,24.05,24.20,0.05,0.21,6071,27.00,18.40,...,...,-0.81,Preferred Stocks
AXIS Capital Holdings Dep. pfd. (Rep. 1/100th Share pfd. Series E),AXSE,25.17,25.17,25.06,25.12,-0.05,-0.20,82809,25.85,22.20,1.38,5.47,-0.20,Preferred Stocks
AXIS Capital Holdings pfd. Series D,AXSD,25.07,25.10,24.94,24.96,-0.20,-0.79,53407,25.98,23.75,1.38,5.51,-1.07,Preferred Stocks
Banco Bradesco Pref ADR,BBD,11.08,11.16,11.02,11.10,0.10,0.91,5127584,11.86,7.83,0.07,0.62,8.40,Preferred Stocks
Banc of California Dep.Pfd. (Rep. 1/40th Non-Cum. Perp. pfd. Series E),BANCE,26.33,26.50,26.30,26.43,0.02,0.06,21920,28.59,24.21,1.75,6.62,0.04,Preferred Stocks
Banc of California Dep. pfd. (Rep. 1/40th Perp. pfd. Series C),BANCC,26.02,26.05,25.92,25.95,-0.06,-0.25,6351,27.75,25.36,2.00,7.71,-1.07,Preferred Stocks
Banc of California Inc. Dep. pfd. (Rep. 1/40 Int. Perp. pfd. Series D),BANCD,26.42,26.60,26.38,26.39,-0.06,-0.23,10859,27.08,24.35,1.84,6.99,-0.60,Preferred Stocks
Bank of America 7.25% Non-Cum Perp Conv pfd. Series L,BACL,1277.00,1287.00,1275.00,1277.03,0.03,...,5150,1352.71,1168.00,72.50,5.68,-3.18,Preferred Stocks
Bank of America Corp. Dep. pfd. (Rep. 1/1000th Non-Cum. pfd. Series Y),BACY,26.54,26.54,26.50,26.50,-0.04,-0.15,45524,27.39,25.63,1.63,6.13,-1.92,Preferred Stocks
Bank of America Dep. pfd. (Rep. 1/1000th Interest in a share of 6.204% Non-Cum pfd. Series D),BACD,25.87,25.87,25.79,25.80,-0.07,-0.29,26760,26.25,25.00,1.55,6.01,-0.21,Preferred Stocks
Bank of America Dep. pfd. (Rep. 1/1000th Interest in a share of 6.625% Non-Cum pfd. Series I),BACI,25.80,25.84,25.77,25.78,-0.11,-0.42,26706,26.87,25.00,1.66,6.42,-2.57,Preferred Stocks
Bank of America Dep. pfd. (Rep. 1/1000th Interest in a share of Non-Cum pfd. Series E),BACE,24.24,24.29,24.04,24.20,-0.05,-0.21,16234,25.09,21.95,1.02,4.22,1.60,Preferred Stocks
Bank of America Dep. pfd. (Rep. 1/1000th pfd. Series CC),BACC,26.95,27.00,26.93,26.95,-0.12,-0.44,59393,27.83,25.17,1.55,5.75,-1.79,Preferred Stocks
Bank of America Dep. pfd. (Rep. 1/1000th pfd. Series W),BACW,26.59,26.64,26.56,26.58,-0.07,-0.26,70856,27.53,25.82,1.66,6.23,-2.10,Preferred Stocks
Bank of America Dep. pfd. (Rep. 1/1000th Share pfd. Series EE),BACA,26.64,26.67,26.50,26.54,-0.12,-0.45,56919,27.51,24.99,1.50,5.65,-2.39,Preferred Stocks
Bank of America Dep. pfd. (Rep. 1/1200th Interest in a Share of Floating Rate Non. Cum. pfd. Series 2),BMLH,21.98,21.98,21.71,21.74,-0.14,-0.64,5140,23.11,19.98,0.77,3.53,0.60,Preferred Stocks
Bank of America Dep. pfd. (Rep. 1/1200th Interest in a share of Float Rate Com. pfd. Series 1),BMLG,21.90,21.90,21.90,21.90,-0.08,-0.35,459,22.97,19.94,0.75,3.42,1.15,Preferred Stocks
Bank of America Dep. pfd. (Rep. 1/1200th interest of a share of 6.375% Non-Cum pfd. Series 3),BMLI,25.91,25.91,25.82,25.83,-0.08,-0.31,21116,26.39,25.11,1.59,6.17,-0.62,Preferred Stocks
Bank of America Dep. pfd. (Rep. 1/1200th interest of a share of Fltg Rate Non-Cum pfd. Series 4),BMLJ,23.25,23.57,23.14,23.14,-0.11,-0.47,9240,24.72,22.30,1.02,4.42,-0.98,Preferred Stocks
Bank of America Dep. pfd. (Rep. 1/1200th interest of a share of Non-Cum pfd. Series 5),BMLL,23.07,23.22,23.05,23.08,-0.06,-0.26,42584,25.30,21.65,1.02,4.43,-1.79,Preferred Stocks
Bank of New York Mellon 5.2% Non. Cum. Perp. pfd. Series C,BK+C,25.08,25.13,25.00,25.00,-0.12,-0.48,33432,27.23,23.76,1.30,5.20,-0.56,Preferred Stocks
Barclays ADR Series 5 (Rep Non-Cum Call Dollar Pref Shs Series 5),BCSD,26.26,26.31,26.23,26.25,0.01,0.04,161938,27.24,25.65,2.03,7.74,-1.57,Preferred Stocks
BB&T Dep. pfd. (Rep. 1/1000 Perp. pfd. Series E),BBTE,25.18,25.21,25.14,25.16,-0.06,-0.24,62082,25.77,24.34,1.41,5.59,-0.40,Preferred Stocks
BB&T Dep. pfd. (Rep. 1/1000th Non-Cum. Perp. pfd. Series H),BBTHZ,26.66,26.66,26.32,26.36,-0.27,-1.01,38919,27.33,24.56,1.41,5.33,-2.37,Preferred Stocks
BB&T Dep Pfd. (Rep. 1/1000th Perp. pfd. Series F),BBTF,25.12,25.13,25.01,25.04,-0.08,-0.32,19138,25.64,23.63,1.30,5.19,0.04,Preferred Stocks
BB&T Dep. pfd. (Rep. 1/1000 5.5% Non-Cum. Perp. pfd. Series G),BBTG,25.07,25.08,25.00,25.00,-0.06,-0.24,21298,25.85,23.71,1.30,5.20,-0.64,Preferred Stocks
BB&T Dep. Shs. (Rep. 1/1000 Non-Cum. Perp. pfd. Series D),BBTD,25.35,25.43,25.30,25.30,-0.11,-0.43,52227,25.79,24.59,1.46,5.78,-0.63,Preferred Stocks
Becton Dickinson Dep. pfd. (Rep. 1/20th Mand. Conv. pfd. Series A),BDXA,60.09,60.53,59.78,60.20,0.17,0.28,63937,61.84,50.20,3.06,5.09,3.97,Preferred Stocks
Belden Dep. pfd. (Rep. 1/100th pfd. Series B),BDCB,113.08,113.08,112.43,112.43,-0.33,-0.29,3290,114.45,92.34,6.75,6.00,9.10,Preferred Stocks
BFC Capital Trust II 7.2% Cum. Trust pfd. Secs,BANFP,27.42,27.56,27.40,27.54,0.14,0.50,2642,30.47,26.05,1.80,6.54,0.07,Preferred Stocks
BGC Partners Inc. 8.125% Sr Notes due 2042,BGCA,25.63,25.63,25.30,25.33,-0.31,-1.19,15924,26.73,25.05,2.03,8.02,-2.20,Preferred Stocks
Blueknight Energy Partners Series A,BKEPP,7.75,7.80,7.68,7.80,0.09,1.20,16447,8.52,7.28,0.71,9.17,0.39,Preferred Stocks
Bluerock Residential Growth REIT 8.25% Conv. Redeem. pfd. Series A,BRGA,25.85,25.85,25.75,25.82,0.02,0.08,35088,27.00,25.65,2.06,7.99,-2.12,Preferred Stocks
Bluerock Residential Growth REIT 7.125% pfd. Series D,BRGD,25.00,25.02,24.75,24.83,-0.12,-0.48,9774,26.25,23.55,1.78,7.17,-1.47,Preferred Stocks
Bluerock Residential Growth REIT pfd. Series C,BRGCX,25.54,25.59,25.48,25.59,-0.00,-0.00,1916,26.97,25.40,1.91,7.45,0.55,Preferred Stocks
BofI Holding 6.25% Sub. Notes 2026,BOFIL,25.70,25.86,25.61,25.86,0.16,0.61,1933,28.33,24.25,1.56,6.04,0.15,Preferred Stocks
BOK Financial 5.375% Sub. Notes 2056,BOKFL,25.65,25.72,25.51,25.51,-0.09,-0.35,3597,26.23,23.09,1.34,5.27,-0.39,Preferred Stocks
Boston Private Financial Holdings Dep (Rep. 1/40th Non-Cum. Perp. pfd. Series D),BPFHP,25.62,25.66,25.62,25.65,0.01,0.02,620,26.95,25.06,1.74,6.77,0.03,Preferred Stocks
Boston Properties Dep. (Rep. 1/100th 5.25% Cum. Redeem. pfd. Series B),BXPB,25.30,25.30,25.20,25.20,-0.06,-0.24,2555,26.94,23.65,1.31,5.21,-0.20,Preferred Stocks
B. Riley Financial 7.5% Sr. Notes 2021,RILYL,25.64,25.64,25.64,25.64,-0.11,-0.42,275,28.96,25.33,1.88,7.31,-1.38,Preferred Stocks
B. Riley Financial 7.25% Notes,RILYG,25.27,25.27,25.21,25.22,-0.05,-0.21,2570,25.90,24.85,...,...,-0.64,Preferred Stocks
B. Riley Financial Inc. 7.5% Sr. Notes 053127,RILYZ,25.57,25.64,25.54,25.58,0.03,0.12,4243,26.20,24.90,1.88,7.33,-1.12,Preferred Stocks
Brookfield DTLA Fund Office Trust Investor Cum. Redeem. pfd. Series A,DTLA+,27.10,27.15,26.77,27.00,-0.07,-0.26,25182,31.31,21.68,9.00,33.33,-6.25,Preferred Stocks
Callon Petroleum 10% pfd. Series A,CPEA,51.75,51.94,51.30,51.64,-0.11,-0.21,17178,53.65,47.11,5.00,9.68,0.72,Preferred Stocks
Capitala Finance 6% Notes Due 2022,CPTAL,25.03,25.05,25.00,25.00,-0.05,-0.20,5042,26.15,24.50,1.50,6.00,-0.79,Preferred Stocks
Capitala Finance 5.75% Conv. Notes 053122,CPTAG,24.75,24.80,24.75,24.75,-0.14,-0.56,3390,25.73,24.25,1.44,5.81,-0.40,Preferred Stocks
Capital One Financial Dep. pfd. (Rep. 1/40th 6.25% Non-Cum. Perp. pfd. Series C),COFC,26.05,26.07,25.95,25.99,-0.08,-0.30,22716,26.79,25.13,1.56,6.01,-0.73,Preferred Stocks
Capital One Financial Dep pfd. (Rep. 1/40th Fixed Rate Non-Cum. Perp. pfd. Series G),COFG,25.00,25.17,24.95,25.06,0.06,0.24,195796,25.55,21.79,1.30,5.19,0.12,Preferred Stocks
Capital One Financial Dep. pfd. (Rep. 1/40th Perp. pfd. Series D),COFD,26.73,26.74,26.62,26.71,-0.02,-0.07,51957,27.88,26.07,1.68,6.27,-0.41,Preferred Stocks
Capital One Financial Dep. pfd. (Rep. 1/40th Perp. pfd. Series F),COFF,26.45,26.47,26.26,26.28,-0.17,-0.66,30429,27.74,25.03,1.55,5.90,-2.77,Preferred Stocks
Capital One Financial Dep. pfd. (Rep. 1/40th Share pfd. Series H),COFH,26.74,26.74,26.53,26.55,-0.07,-0.26,23501,27.19,24.71,1.50,5.65,-1.37,Preferred Stocks
Capital One Financial pfd. Series B,COFP,25.30,25.30,25.25,25.25,-0.04,-0.16,44107,25.88,24.64,1.50,5.94,-0.24,Preferred Stocks
Capstead Mortgage pfd. Series E,CMOE,25.60,25.60,25.35,25.59,-0.01,-0.04,32049,25.70,23.84,1.88,7.33,0.95,Preferred Stocks
Carlyle Group 5.875% pfd. Series A,TCGP,25.02,25.14,24.87,24.90,-0.10,-0.40,53336,25.85,24.75,1.50,6.03,-1.85,Preferred Stocks
CBL&Associates Properties Dep. Shs (Rep. 1/10th fraction interest of a share of 7.375% Cum. pfd. Series D),CBLD,21.13,21.13,20.55,20.55,-0.35,-1.67,139424,24.96,20.55,1.84,8.97,-5.99,Preferred Stocks
CBL&Associates Properties Inc. Dep. pfd. (Rep. 1/10th Share 6.625% Cum. pfd. Series E),CBLE,19.67,19.97,19.09,19.10,-0.70,-3.54,36512,25.11,19.09,1.66,8.67,-13.38,Preferred Stocks
Cedar Realty Trust 6.5% Conv. pfd. Series C,CDRC,24.19,24.20,23.12,23.62,-0.58,-2.40,88494,25.39,23.12,...,...,-5.67,Preferred Stocks
Cedar Realty Trust 7.25% Series B Cum Red Pfd,CDRB,25.30,25.39,25.26,25.26,-0.04,-0.16,25660,26.06,24.00,1.81,7.18,-0.04,Preferred Stocks
Cemtrex 10% pfd.,CETXP,5.04,5.25,5.04,5.25,0.15,2.94,933,9.55,2.98,...,...,-1.13,Preferred Stocks
Centrais Eletricas Brasileiras pfd. ADR,EBRB,6.30,6.36,6.17,6.22,0.04,0.65,84626,8.91,4.60,...,...,-8.39,Preferred Stocks
CenturyLink 6.5% Notes 2056,CTBB,22.55,22.62,22.32,22.41,-0.03,-0.13,118583,25.60,21.00,1.63,7.25,-0.49,Preferred Stocks
Charles Schwab Dep. pfd. (Rep. 1/40th 6% Non-Cum. pfd. Series C),SCHWC,26.51,26.64,26.42,26.42,-0.09,-0.34,41369,27.94,25.17,1.50,5.68,-1.71,Preferred Stocks
Charles Schwab Dep. pfd. (Rep. 1/40th Non-Cum. Perp. pfd. Series D),SCHWD,26.89,26.89,26.71,26.81,-0.01,-0.04,48096,27.90,24.97,1.49,5.55,-0.70,Preferred Stocks
Cherry Hill Mortgage Investment 8.2% Cum. pfd. Series A,CHMI+A,25.60,25.60,25.55,25.58,0.01,0.03,2956,25.89,24.60,2.05,8.01,-0.85,Preferred Stocks
Chesapeake Energy 4.50% Cum. Conv. pfd.,CHKD,52.85,53.59,52.62,53.00,-0.44,-0.82,6905,68.00,47.72,4.50,8.49,6.64,Preferred Stocks
Chimera Investment 8% Cum. Redeem. pfd. Series A,CIMA,25.55,25.83,25.55,25.77,0.14,0.57,32475,26.74,24.80,2.00,7.76,-0.21,Preferred Stocks
Chimera Investment 8% Fixed/Floating pfd. Series B,CIMB,25.80,25.95,25.67,25.80,-0.04,-0.15,49816,26.47,24.41,2.00,7.75,...,Preferred Stocks
CHS 8% Cum. Redeem. pfd.,CHSCP,30.43,30.58,30.23,30.49,0.06,0.20,18716,31.99,28.86,2.00,6.56,1.19,Preferred Stocks
CHS 7.5% Cum. Redeem. pfd. Cl B Series 4,CHSCL,27.97,28.27,27.97,28.26,0.21,0.75,29465,29.90,27.06,1.88,6.63,0.39,Preferred Stocks
CHS 6.75% Redeem. pfd. Series 3 Cl B,CHSCM,27.09,27.09,26.86,27.04,-0.05,-0.18,50839,28.99,25.87,1.69,6.24,2.15,Preferred Stocks
CHS 7.875% Cum. Redeem. pfd. Cl B,CHSCO,29.24,29.47,29.05,29.45,0.13,0.44,34079,29.97,28.15,1.97,6.69,2.19,Preferred Stocks
CHS Cum. Redeem. pfd. Cl B Series 2,CHSCN,27.90,27.98,27.85,27.90,...,...,19634,29.99,26.51,1.77,6.36,1.97,Preferred Stocks
Cincinnati Bell 6.75% Cum. Conv. pfd.,CBBB,49.78,50.00,49.78,49.98,0.22,0.44,8855,52.37,48.66,3.38,6.75,-1.99,Preferred Stocks
Citigroup Capital XIII TruPS Fixed/FLTG,C+N,27.45,27.60,27.44,27.48,0.02,0.07,77938,27.81,25.74,1.98,7.21,...,Preferred Stocks
Citigroup Dep. pfd. (Rep. 1/1000th 6.3% Non-Cum. pfd. Series S),C+S,26.63,26.69,26.60,26.63,-0.03,-0.11,48689,27.40,25.29,1.58,5.91,-1.11,Preferred Stocks
Citigroup Dep. pfd. (Rep. 1/1000th Interest in a Share of 6.875% Fixed Rate/Floating Rate Noncum. pfd. Series K),C+K,28.50,28.63,28.46,28.54,...,...,83518,31.60,27.27,1.72,6.02,0.04,Preferred Stocks
Citigroup Dep pfd. (Rep 1/1000th interest in a share of 8.125% Non-Cum pfd. Series AA),C+P,25.47,25.49,25.47,25.47,...,...,14674,28.71,25.43,2.03,7.98,-2.11,Preferred Stocks
Citigroup Dep. pfd. (Rep. 1/1000th pfd. Series J Fixed/Floating),C+J,28.65,28.75,28.55,28.64,...,...,97393,30.45,27.66,1.78,6.22,-0.73,Preferred Stocks
Citigroup Dep. pfd. (Rep. 1/1000th Share of 6.875% Noncum. pfd. Series L),C+L,26.53,26.53,26.35,26.44,-0.04,-0.15,20332,28.27,26.21,1.72,6.50,-0.45,Preferred Stocks
Citigroup Dep. (Rep. 1/1000th 5.80% Non-Cum. pfd. Series C),C+C,25.18,25.22,25.05,25.07,-0.11,-0.44,52921,26.16,24.83,1.45,5.78,-1.53,Preferred Stocks
City Office REIT 6.625% Cum. Redeem. pfd. Series A,CIOA,24.52,24.66,24.42,24.55,0.08,0.33,21636,26.47,24.06,1.66,6.75,-2.50,Preferred Stocks
Civista Bancshares Dep. pfd. (Rep. 1/40th 6.5% Non-Cum. Conv. Redeem. Perp. pfd. Series B),CIVBP,71.94,71.94,71.94,71.94,-2.01,-2.72,200,78.56,56.93,1.63,2.26,-2.72,Preferred Stocks
Colony NorthStar 7.5% Cum. Redeem. Perp. pfd. Series G,CLNSG,25.05,25.13,25.04,25.12,-0.08,-0.32,381,27.25,24.15,1.88,7.46,-0.12,Preferred Stocks
Colony NorthStar 8.5% Cum. Redeem. pfd. Series D,CLNSD,25.69,25.69,25.61,25.62,-0.06,-0.23,8445,26.59,25.18,2.13,8.29,0.23,Preferred Stocks
Colony NorthStar 7.15% Perp. pfd. Series I,CLNSI,25.10,25.10,24.90,25.09,0.09,0.36,56828,25.94,24.83,1.79,7.12,-0.36,Preferred Stocks
Colony NorthStar 8.25% Cum. Redeem. pfd. Series B,CLNSB,25.50,25.52,25.47,25.51,0.06,0.22,17808,25.76,24.95,2.06,8.09,0.34,Preferred Stocks
Colony NorthStar 8.75% Cum. Redeem. pfd. Series E,CLNSE,26.77,26.85,26.74,26.77,-0.07,-0.26,37473,27.52,25.02,2.19,8.17,0.75,Preferred Stocks
Colony NorthStar 7.125% Cum. Redeem. Perp. pfd. Series J,CLNSJ,25.00,25.00,24.83,24.90,-0.10,-0.40,21058,25.71,24.71,...,...,-0.52,Preferred Stocks
Colony NorthStar 7.125% Cum. Redeem. pfd. Series H,CLNSH,25.12,25.12,25.00,25.10,0.11,0.44,15455,26.00,23.75,1.78,7.10,0.36,Preferred Stocks
Commerce Bancshares Dep. pfd. (Rep. 1/1000th 6% Perp. pfd. Series B),CBSHP,26.37,26.45,26.35,26.45,0.02,0.06,4547,27.65,25.22,1.50,5.67,0.38,Preferred Stocks
Compass Diversified Holdings 7.25% pfd. Series A,CODIA,24.39,24.48,24.38,24.42,...,...,27362,25.75,24.26,1.81,7.42,-0.97,Preferred Stocks
Consumers Energy $4.50 pfd.,CMSO,104.30,105.00,104.21,105.00,0.50,0.48,1264,105.95,101.00,4.50,4.29,1.00,Preferred Stocks
CorEnergy Infrastructure Trust Dep. pfd. (Rep. 1/100 Share pfd. Series A),CORRA,25.52,25.60,25.46,25.51,-0.01,-0.03,6147,26.93,24.21,1.84,7.23,-0.87,Preferred Stocks
Corporate Asset Backed CABCO Series 2004-101 Trust Goldman Sachs Capital I Float. Rate Call Ctfs,GYB,22.97,23.00,22.96,23.00,0.06,0.26,12428,23.75,21.20,0.83,3.61,0.04,Preferred Stocks
Corporate Asset Backed CABCO Series 2004-102 Trust SBC Communication Call Fltg Rate Ctfs,GYC,23.10,23.22,23.10,23.10,...,...,1515,26.05,21.30,0.82,3.56,2.39,Preferred Stocks
Corporate Asset Backed Trust JCP 7.675%,PFH,15.59,15.61,15.34,15.61,-0.12,-0.76,17563,19.75,11.00,1.91,12.21,5.83,Preferred Stocks
Costamare 8.5% Cum. Redeem. Perp. pfd. Series C,CMREC,25.23,25.42,25.00,25.14,-0.07,-0.28,17409,26.24,21.43,2.13,8.45,-1.18,Preferred Stocks
Costamare 8.75% Cum. Redeem. Perp. pfd. Series D,CMRED,25.85,25.85,25.69,25.70,-0.05,-0.19,8126,26.89,22.02,2.19,8.51,-0.50,Preferred Stocks
Costamare 7.625% Cum. Redeem. Perp. pfd. Series B,CMREB,24.33,25.11,24.21,25.11,0.41,1.67,24281,27.43,20.76,1.91,7.59,0.34,Preferred Stocks
Countrywide Capital V 7.00% Tr pfd. Secs,CFCB,26.15,26.15,26.01,26.04,-0.09,-0.35,57619,26.77,25.35,1.75,6.72,-1.44,Preferred Stocks
Cowen 7.35% Notes,COWNZ,25.29,25.30,25.18,25.25,...,...,59276,26.24,25.05,...,...,-1.75,Preferred Stocks
Crown Castle International 6.875% pfd. Conv. Series A,CCIA,1077.50,1083.21,1075.56,1075.56,10.57,0.99,3437,1160.00,1002.50,68.75,6.39,-5.03,Preferred Stocks
Cullen/Frost Bankers pfd.,CFRA,25.16,25.23,25.16,25.17,-0.05,-0.20,3996,25.96,24.58,1.34,5.34,0.20,Preferred Stocks
Customers Bancorp 7% Non-Cum. Perp. pfd. Series C,CUBIC,26.52,26.63,26.52,26.53,-0.08,-0.30,3200,27.35,26.21,1.75,6.60,-0.08,Preferred Stocks
Customers Bancorp 6.375% Sr. Notes due 2018,CUBS,25.73,25.77,25.70,25.70,-0.02,-0.09,2400,26.99,25.50,1.59,6.20,-0.07,Preferred Stocks
Customers Bancorp Fixed-to-Floating Perp. pfd. Series F,CUBIF,26.59,26.67,26.40,26.59,0.01,0.04,4212,27.71,24.55,1.50,5.64,1.42,Preferred Stocks
Customers Bancorp Non-Cum. Perp. pfd. Series E,CUBIE,26.39,26.47,26.22,26.47,0.13,0.49,66198,27.21,25.60,1.61,6.09,-0.30,Preferred Stocks
CYS Investments 7.5% Cum. Redeem. pfd. Series B,CYSB,24.74,24.74,24.40,24.54,-0.11,-0.45,25327,25.32,22.46,1.88,7.64,-0.97,Preferred Stocks
CYS Investments Cum. Redeem. pfd. Series A,CYS+A,25.11,25.11,25.05,25.07,0.05,0.20,4878,25.73,23.46,1.94,7.73,0.20,Preferred Stocks
DDR Dep. pfd. (Rep. 1/20th 6.375% Cum. Redeem. pfd. Series A),DDRA,25.62,25.62,25.16,25.18,-0.32,-1.25,5130,27.09,24.85,1.59,6.33,-4.32,Preferred Stocks
DDR Dep. pfd. (Rep. 1/20th Share 6.25% Cl K Pfd.),DDRK,25.01,25.01,24.88,24.97,-0.04,-0.16,4186,25.98,24.52,1.56,6.26,-2.73,Preferred Stocks
DDR Dep. pfd. (Rep. 1/20th Share Cl J Pfd.),DDRJ,25.02,25.07,25.01,25.01,-0.04,-0.14,4097,25.79,24.78,1.63,6.50,-0.44,Preferred Stocks
Deutsche Bank Contingent Capital Trust II 6.55% Trust pfd. Secs,DXB,25.57,25.65,25.53,25.58,-0.08,-0.31,44517,26.51,23.40,1.64,6.40,0.47,Preferred Stocks
Deutsche Bank Contingent Capital Trust III 7.60% TruPS,DTK,25.75,25.79,25.68,25.68,-0.11,-0.43,67866,26.54,25.10,1.90,7.40,-0.08,Preferred Stocks
Deutsche Bank Contingent Capital Trust V 8.05% TruPS,DKT,26.00,26.00,25.96,25.97,-0.03,-0.12,81274,27.24,25.40,2.01,7.75,-0.61,Preferred Stocks
Diana Shipping 8.5% Sr. Notes 2020,DSXN,25.70,25.71,25.70,25.71,-0.07,-0.28,4200,26.18,23.01,2.13,8.27,0.13,Preferred Stocks
Diana Shipping 8.875% Cum. Redeem. Perp. pfd. Series B,DSXB,24.46,24.46,24.16,24.42,0.10,0.42,3728,25.12,17.30,2.22,9.09,-1.57,Preferred Stocks
Digital Realty Trust 5.25% Cum. Conv. pfd. Series J,DLRJ,24.94,25.10,24.81,25.05,0.25,1.01,89217,25.30,24.36,...,...,-0.20,Preferred Stocks
Digital Realty Trust 6.35% Cum. Redeem. pfd. Series I,DLRI,26.73,26.80,26.55,26.63,-0.14,-0.52,15649,28.18,25.56,1.59,5.96,-3.20,Preferred Stocks
Digital Realty Trust 5.875% Cum. Redeem. pfd. Series G,DLRG,25.25,25.25,25.06,25.18,-0.03,-0.12,19921,26.04,24.00,1.47,5.83,-1.22,Preferred Stocks
Digital Realty Trust 6.625% Perp. pfd. Series C,DLRC,26.51,26.75,26.51,26.55,0.01,0.04,83650,28.75,25.66,...,...,-3.77,Preferred Stocks
Digital Realty Trust 7.375% Cum. Redeem. pfd. Series H,DLRH,26.35,26.43,26.32,26.43,0.04,0.15,145549,28.33,26.31,1.84,6.98,-0.90,Preferred Stocks
Dillard's Capital Trust I 7.5% pfd.,DDT,25.51,25.62,25.41,25.48,0.17,0.67,30592,26.40,25.02,1.88,7.36,-1.47,Preferred Stocks
Dominion Energy 5.25% Jr. Sub. Notes 2076,DRUA,25.10,25.20,25.00,25.10,0.11,0.44,118922,25.94,21.88,1.31,5.23,-1.84,Preferred Stocks
Drive Shack 8.05% Cum. Redeem. pfd. Series C,DS+C,25.07,25.78,24.93,25.00,...,...,16451,25.78,23.36,2.01,8.05,-0.48,Preferred Stocks
Drive Shack 9.75% Cum. Redeem. pfd. Series B,DS+B,25.61,25.61,25.61,25.61,0.01,0.04,1202,26.49,24.67,2.44,9.52,-0.42,Preferred Stocks
Drive Shack 8.375% Cum. Redeem. pfd. Series D,DS+D,25.16,25.20,25.16,25.20,-0.05,-0.18,2032,25.84,24.25,2.09,8.31,-0.98,Preferred Stocks
DTE Energy 6% Deb. Series F,DTY,26.72,26.88,26.64,26.74,-0.01,-0.04,9553,27.90,24.97,1.50,5.61,-0.11,Preferred Stocks
DTE Energy 5.375% Jr. Sub. Deb. 2076,DTJ,25.14,25.20,25.02,25.04,0.01,0.04,79328,26.04,23.29,1.34,5.37,-1.69,Preferred Stocks
DTE Energy Co. 5.25% Jr. Sub. Deb. Series C due 12/1/2062,DTQ,25.03,25.14,24.96,24.98,-0.05,-0.20,11545,25.61,23.87,1.31,5.25,-0.48,Preferred Stocks
Duke Energy 5.125% Junior Sub. Deb. due 2073,DUKH,25.28,25.28,25.00,25.04,-0.18,-0.71,72230,26.60,24.16,1.28,5.12,-1.22,Preferred Stocks
Dynagas LNG Partners 9% Cum. Redeem. pfd. Series A,DLNGA,26.20,26.25,26.15,26.17,0.03,0.11,4343,26.98,25.30,2.25,8.60,0.58,Preferred Stocks
Dynex Capital 7.625% Cum. Redeem. pfd. Series B,DX+B,24.55,24.68,24.55,24.65,-0.05,-0.20,21725,25.16,23.20,1.91,7.73,-0.48,Preferred Stocks
Dynex Capital pfd. Series A,DX+A,25.25,25.75,25.25,25.58,0.28,1.09,12540,26.00,24.99,2.13,8.31,0.30,Preferred Stocks
Eagle Point Credit  7% Notes 2020,ECCZ,25.30,25.30,25.25,25.25,-0.02,-0.08,900,26.44,24.70,1.75,6.93,0.39,Preferred Stocks
Eagle Point Credit 6.75% Notes 2027,ECCY,25.45,25.67,25.45,25.50,0.05,0.20,2515,26.50,24.87,1.69,6.62,0.40,Preferred Stocks
Eagle Point Credit 7.75% pfd. Series A,ECCA,25.60,25.68,25.60,25.66,0.02,0.08,4802,26.44,25.49,1.94,7.55,-0.67,Preferred Stocks
Eagle Point Credit 7.75% pfd. Series B,ECCB,26.50,26.50,26.25,26.45,0.11,0.42,1595,27.75,25.37,1.94,7.33,0.57,Preferred Stocks
eBay 6% Notes due 2056,EBAYL,26.55,26.65,26.37,26.51,0.01,0.04,51244,27.47,25.30,1.50,5.66,-1.60,Preferred Stocks
E.I. DuPont de Nemours $3.50 Cum. pfd.,DD+A,92.64,92.64,90.30,90.30,-0.77,-0.84,429,96.65,86.00,3.50,3.88,-2.27,Preferred Stocks
E.I. DuPont de Nemours $4.50 Cum. pfd.,DD+B,108.60,110.00,108.60,109.00,-0.22,-0.20,1455,110.00,99.50,4.50,4.13,0.65,Preferred Stocks
Ellsworth Growth&Income Fund 5.25% Cum. Redeem. pfd. Series A,ECFA,25.05,25.08,24.88,24.88,-0.29,-1.15,9823,26.20,24.53,...,...,-0.97,Preferred Stocks
El Paso Energy Capital Trust I pfd. Secs,EP+C,48.60,48.60,48.43,48.43,-0.31,-0.65,204,51.33,45.41,2.38,4.90,-0.67,Preferred Stocks
Entergy 1st Mortgage Bonds 4.875% due 2066,,24.90,24.99,24.90,24.90,-0.03,-0.12,16440,25.29,21.89,1.22,4.89,-0.92,Preferred Stocks
Entergy Arkansas First Mortgage Bonds 4.75% Series Due June 1 2063,EAE,24.75,24.86,24.75,24.75,...,...,5609,25.60,22.35,1.19,4.80,-0.72,Preferred Stocks
Entergy Arkansas First Mortgage Bonds 4.90% Series due 12/1/52,EAB,24.81,24.85,24.70,24.74,-0.13,-0.52,14130,25.45,22.75,1.23,4.95,-1.90,Preferred Stocks
Entergy Louisiana First Mortgage Bonds 4.7% Series due June 1 2063,ELU,24.50,24.50,24.40,24.42,0.02,0.08,6263,25.72,21.69,1.18,4.81,-1.61,Preferred Stocks
Entergy Louisiana First Mortgage Bonds 5.25% Series due July 1 2052,ELJ,24.83,24.95,24.80,24.84,0.03,0.12,16557,25.75,24.02,1.31,5.28,-1.04,Preferred Stocks
Entergy Louisiana Mortgage Bonds 4.875% Series due 2066,ELC,24.95,24.96,24.90,24.92,...,...,30746,25.17,21.82,1.22,4.89,0.40,Preferred Stocks
Entergy Mississippi 4.9% First Mortgage Bonds,EMP,24.91,25.00,24.91,24.97,0.06,0.24,14983,25.49,22.09,1.23,4.91,-0.72,Preferred Stocks
Entergy New Orleans 5.0% Series due 2052,ENJ,24.85,24.89,24.81,24.81,-0.06,-0.24,2111,25.90,22.61,1.25,5.04,-0.64,Preferred Stocks
Entergy Texas 5.625% First Mtg. Bonds 060164,EZT,25.96,26.00,25.88,25.88,-0.35,-1.32,2976,27.67,25.70,1.41,5.43,-2.38,Preferred Stocks
EPR Properties 9% Cum. Conv. pfd. Series E,EPRE,35.31,35.87,35.31,35.87,0.40,1.14,2195,37.59,34.59,2.25,6.27,-2.67,Preferred Stocks
EPR Properties 5.75% Cum. Conv. pfd. Series C,EPRX,25.45,25.74,25.45,25.60,-0.39,-1.50,1297,30.48,23.99,1.44,5.62,-4.90,Preferred Stocks
EPR Properties 5.75% Cum. Redeem. pfd. Series G,EPRG,24.95,25.07,24.84,24.95,-0.02,-0.08,75538,25.23,24.60,...,...,-0.32,Preferred Stocks
Equity Commonwealth 6.5% Cum. Conv. Pfd. Series D,EQCD,26.42,26.43,26.41,26.43,0.07,0.27,1316,27.24,24.98,1.63,6.15,0.35,Preferred Stocks
Equity Commonwealth 5.75% Sr. Notes Due 2042,EQCO,25.30,25.55,25.30,25.44,0.09,0.36,61247,26.64,24.17,1.44,5.65,0.16,Preferred Stocks
Farmland Partners 6% pfd. Series B,FPI+B,25.58,25.65,25.54,25.55,-0.10,-0.39,16647,27.96,24.15,1.50,5.87,-0.85,Preferred Stocks
Federal Agricultural Mortgage 5.875% Non-Cum. pfd. Series A,AGMPA,25.07,25.10,24.94,24.95,-0.03,-0.10,4184,28.06,24.75,1.47,5.89,-0.71,Preferred Stocks
Federal Agricultural Mortgage 6.875% Pfd. Series B,AGMB,27.35,27.42,27.33,27.38,0.07,0.27,1766,29.36,26.20,1.72,6.28,3.91,Preferred Stocks
Federal Agricultural Mortgage pfd. Series C Fixed to Floating,AGMPRC,27.00,27.25,27.00,27.15,0.15,0.56,1800,31.25,25.61,1.50,5.52,-2.37,Preferred Stocks
Federal Realty Investment Trust Dep. pfd. (Rep. 1/1000th 5% Cum. Redeem. pfd. Series C),FRTC,25.00,25.01,24.74,24.90,-0.03,-0.12,125000,25.48,24.01,...,...,-1.07,Preferred Stocks
Fifth Third Bancorp Dep. pfd. (Rep. 1/1000th Perp. pfd. Series I),FITBI,28.26,28.57,28.23,28.35,0.05,0.18,38445,30.90,27.22,1.66,5.84,-0.53,Preferred Stocks
First Horizon National Dep. Shs pfd. (Rep. 1/4000th Non-Cum. Perp. pfd. Series A),FHNA,25.12,25.15,25.10,25.15,...,...,7351,26.06,24.93,1.55,6.16,-0.20,Preferred Stocks
First Internet Bancorp 6% Fixed-to-Floating Rate Sub. Notes,INBKL,26.00,26.00,25.97,26.00,-0.04,-0.15,1490,27.86,24.11,1.50,5.77,-1.96,Preferred Stocks
First Republic Bank 5.5% Dep. Shs (Rep. 1/40th Perp. pfd. Series D),FRCD,25.21,25.21,25.07,25.10,-0.09,-0.35,13008,26.36,23.78,1.38,5.48,-1.65,Preferred Stocks
First Republic Bank Dep. pfd. (Rep. 1/40th 5.125% Non-Cum. Perp. pfd. Series H),FRC+H,25.32,25.33,25.06,25.06,-0.17,-0.67,67457,25.97,24.03,1.28,5.11,-1.34,Preferred Stocks
First Republic Bank Dep. pfd. (Rep. 1/40th Non-Cum. Perp. pfd. Series F),FRCF,25.80,25.84,25.75,25.75,...,...,9682,27.00,24.50,1.43,5.53,-0.12,Preferred Stocks
First Republic Bank Dep pfd. (Rep. 1/40th Perp. pfd. Series E),FRCE,26.15,26.24,26.15,26.23,-0.04,-0.15,16825,27.99,25.92,1.75,6.67,0.38,Preferred Stocks
First Republic Bank Dep. pfd. (Rep. 1/40th Perp. pfd. Series G),FRCG,26.02,26.49,26.01,26.25,0.07,0.27,10107,27.50,23.78,1.38,5.24,1.55,Preferred Stocks
Five Oaks Investment 8.75% Cum. Redeem. pfd. Series A,OAKSA,25.15,25.18,25.13,25.17,0.14,0.56,5280,26.20,23.07,2.19,8.69,-0.19,Preferred Stocks
F.N.B. Dep. pfd. (Rep. 1/40th Interest Fixed-to-Floating Rate Non-Cum. Perp. pfd. Series E),FNBE,29.21,29.78,29.21,29.62,0.02,0.07,15302,31.65,28.19,1.81,6.12,1.30,Preferred Stocks
Fortress Biotech 9.375% Cum. pfd. Series A,FBIOP,22.61,22.96,22.61,22.96,0.26,1.16,600,24.80,20.01,...,...,0.93,Preferred Stocks
Frontier Communications Mand. Conv. pfd. Series A,FTRPR,13.18,13.47,12.50,12.53,-0.53,-4.02,153560,74.32,10.16,11.13,88.82,15.76,Preferred Stocks
Gabelli Convertible&Income Securities Fund 6% Cum. pfd. Series B,GCVB,26.48,26.48,26.39,26.47,0.37,1.42,1600,27.16,25.56,1.50,5.67,-0.04,Preferred Stocks
Gabelli Dividend&Income Trust 6.% Cum. pfd. Series D,GDVD,26.57,26.57,26.50,26.56,0.19,0.72,630,27.40,25.62,1.50,5.65,0.84,Preferred Stocks
Gabelli Dividend&Income Trust 5.25% Cum. pfd. Series G,GDVG,25.27,25.38,25.27,25.33,-0.03,-0.13,7925,26.65,24.38,1.31,5.18,-0.07,Preferred Stocks
Gabelli Dividend&Income Trust 5.875% Cum. pfd. Series A,GDVA,26.00,26.10,25.95,25.95,-0.05,-0.19,2901,27.49,25.49,1.47,5.66,-0.73,Preferred Stocks
Gabelli Equity Trust 5.45% Cum. pfd. Series J,GABJ,25.37,25.43,25.37,25.43,-0.03,-0.11,600,26.72,24.00,1.36,5.36,-0.45,Preferred Stocks
Gabelli Equity Trust 5.875% Cum. pfd. Series D,GABD,26.00,26.00,25.90,25.94,-0.13,-0.50,1302,26.78,25.27,1.47,5.66,-0.61,Preferred Stocks
Gabelli Equity Trust Cum. pfd. Series G,GABG,24.44,24.59,24.23,24.23,-0.07,-0.29,4405,25.25,22.96,1.25,5.16,-1.86,Preferred Stocks
Gabelli Equity Trust pfd. Series H,GABH,24.85,24.88,24.63,24.82,-0.07,-0.28,8843,25.34,22.97,1.25,5.04,-1.23,Preferred Stocks
Gabelli Healthcare&Wellness Trust Pfd Series A,GRXA,25.70,25.89,25.70,25.89,0.26,1.00,2113,26.91,25.14,1.44,5.56,0.30,Preferred Stocks
Gabelli Healthcare&Wellness Trust Pfd. Series B,GRXB,26.40,26.40,26.19,26.19,-0.02,-0.09,573,27.57,25.60,1.47,5.61,-0.53,Preferred Stocks
Gabelli Multimedia Trust 5.125% pfd. Series E,GGTE,24.55,24.82,24.55,24.68,0.11,0.45,43277,25.30,24.15,...,...,-1.67,Preferred Stocks
Gabelli Multimedia Trust Inc. 6% Cum. Pfd. Series B,GGTB,26.04,26.22,26.03,26.13,0.13,0.52,1087,27.18,25.26,1.50,5.74,-0.52,Preferred Stocks
Gabelli Utility Trust 5.625% Cum. pfd. Series A,GUTA,25.71,25.71,25.41,25.41,-0.11,-0.43,900,26.50,24.93,1.41,5.53,-0.74,Preferred Stocks
Gabelli Utility Trust Cum. pfd. Series C,GUTC,25.60,25.60,25.55,25.55,-0.12,-0.47,1600,26.19,23.95,1.34,5.26,0.39,Preferred Stocks
GAMCO Global Gold Natural Resources&Income Trust Cum. pfd. Series B,GGNB,24.44,24.70,24.43,24.70,0.29,1.19,8586,25.30,22.50,1.25,5.06,-0.48,Preferred Stocks
GAMCO Natural Resources Gold&Income Trust 5.2% Cum. pfd. Series A,GNTA,25.05,25.05,24.83,25.05,0.03,0.12,5795,26.27,24.01,...,...,0.16,Preferred Stocks
GasLog 8.75% Cum. Redeem. Perp. pfd. Series A,GLOGA,26.61,26.89,26.57,26.81,-0.04,-0.16,13970,27.63,24.67,2.19,8.16,0.77,Preferred Stocks
GasLog Partners Perp. pfd. Series A,GLOPA,26.56,26.58,26.40,26.54,0.04,0.15,23860,27.24,25.06,2.16,8.12,1.69,Preferred Stocks
Gastar Exploration 8.625% Cum. Pfd. Series A,GSTA,17.60,17.86,17.49,17.60,-0.01,-0.06,8909,22.70,6.40,2.16,12.25,-1.81,Preferred Stocks
Gastar Exploration pfd. Series B,GSTB,19.20,19.28,19.11,19.11,-0.37,-1.90,6156,25.05,8.46,2.69,14.06,1.22,Preferred Stocks
GATX 5.625% Senior Notes due 2066,GMTA,25.80,25.80,25.63,25.77,0.09,0.35,5677,27.00,23.66,1.41,5.46,-1.90,Preferred Stocks
General American Investors 5.95% Cum. pfd. Series B $1 par value,GAMB,26.61,26.66,26.40,26.49,-0.09,-0.34,1473,27.11,25.36,1.49,5.62,-0.38,Preferred Stocks
General Electric Capital 4.7% Notes due May 16 2053,GEK,25.11,25.19,24.96,24.97,-0.21,-0.83,71164,25.97,24.54,1.18,4.71,0.04,Preferred Stocks
General Electric Capital 4.875% Notes due 1/29/2053,GEH,25.12,25.21,25.02,25.03,-0.19,-0.74,70818,26.06,24.62,1.22,4.87,-0.10,Preferred Stocks
General Electric Capital Corp. 4.875% Notes due October 15 2052,GEB,24.96,25.05,24.85,24.87,-0.13,-0.52,123609,25.80,24.67,1.22,4.90,-0.12,Preferred Stocks
General Finance 9% Cum. Redeem. Perp. pfd. Series C,GFNCP,100.72,101.01,100.42,100.90,-0.09,-0.09,680,102.00,87.70,9.20,9.12,0.49,Preferred Stocks
General Finance Sr. Notes due 2021,GFNSL,25.15,25.15,25.10,25.10,0.12,0.50,1246,26.50,23.80,2.03,8.09,-0.57,Preferred Stocks
Genie Energy pfd. Series 2012 A,GNEA,7.40,7.50,7.39,7.50,0.11,1.52,22490,8.25,7.24,0.64,8.50,2.18,Preferred Stocks
Georgia Power 5% Jr. Sub. Notes 100177,GPJA,25.03,25.07,24.91,24.91,-0.09,-0.36,32762,26.14,24.70,1.25,5.02,-2.73,Preferred Stocks
GGP 6.375% pfd. Series A,GGPpA,25.26,25.26,25.24,25.24,-0.01,-0.04,2506,26.12,24.65,1.59,6.31,0.02,Preferred Stocks
Gladstone Capital 6% Cum. Redeem. pfd. Series 2024,GLADN,25.50,25.73,25.50,25.73,0.16,0.64,3510,26.14,24.75,1.50,5.83,-0.47,Preferred Stocks
Gladstone Commercial 7% pfd. Series D,GOODM,26.25,26.25,25.89,25.98,...,...,7937,26.27,24.75,1.75,6.74,0.31,Preferred Stocks
Gladstone Commercial 7.50% Series B Cum. Redeem. pfd.,GOODO,26.35,26.65,26.35,26.41,0.06,0.24,1079,27.80,25.10,1.88,7.10,1.30,Preferred Stocks
Gladstone Commercial 7.75% Cum. Conv. pfd. Series A,GOODP,26.25,26.58,26.25,26.58,0.33,1.26,1578,27.25,25.20,1.94,7.29,0.61,Preferred Stocks
Gladstone Investment 6.5% Cum. Redeem. pfd. Series C,GAINN,25.64,25.64,25.58,25.58,-0.02,-0.06,700,26.98,25.20,1.63,6.35,0.51,Preferred Stocks
Gladstone Investment 6.25% Cum. Term. pfd. Series D,GAINM,25.65,25.65,25.58,25.58,-0.02,-0.06,1576,26.35,25.16,1.56,6.11,-0.10,Preferred Stocks
Gladstone Investment 6.75% Cum. pfd. Series B,GAINO,25.40,25.40,25.35,25.39,-0.03,-0.11,4090,26.15,25.16,1.69,6.65,0.24,Preferred Stocks
Gladstone Land 6.375% Cum. Redeem. pfd. Series A,LANDP,25.85,26.11,25.85,26.07,0.02,0.07,3824,26.94,25.40,1.59,6.11,0.81,Preferred Stocks
Global Indemnity 7.75% Sub. Notes Due 2045,GBLIZ,25.85,26.01,25.85,26.01,0.25,0.97,13395,26.24,24.70,1.94,7.45,0.58,Preferred Stocks
Global Indemnity 7.875% Sub. Notes due 2047,GBLIL,25.81,25.95,25.75,25.85,0.03,0.12,30598,26.24,24.65,...,...,-0.11,Preferred Stocks
Global Medical REIT 7.5% Cum. Redeem. pfd. Series A,GMREA,25.22,25.22,25.02,25.05,-0.14,-0.56,6315,25.82,24.65,1.88,7.49,-1.07,Preferred Stocks
Global Net Lease 7.25% pfd. Series A,GNLA,25.15,25.17,24.72,24.80,-0.39,-1.55,90359,25.97,21.75,1.81,7.31,-3.39,Preferred Stocks
Global Ship Lease Dep pfd. (Rep. 1/100th 8.75% Perp. pfd. Series B),GSLB,24.55,24.55,24.40,24.40,-0.11,-0.45,12433,25.36,18.52,2.19,8.97,2.01,Preferred Stocks
GMAC Capital Trust I Fixed Rate/Floating Rate TRuPs Series 2,ALLYA,26.10,26.16,25.97,25.99,-0.16,-0.61,141416,26.90,25.26,1.84,7.08,0.15,Preferred Stocks
Golar LNG Partners 8.75% Cum. Redeem. pfd. Series A,GMLPP,26.05,26.05,25.83,25.95,-0.01,-0.04,75863,26.23,24.68,...,...,-0.27,Preferred Stocks
Goldman Sachs Group Dep. pfd. (Rep. 1/1000th Non-Cum. pfd. Series K) Fixed-to-Floating,GS+K,28.69,28.73,28.56,28.59,-0.10,-0.35,52048,30.09,26.36,1.59,5.57,0.11,Preferred Stocks
Goldman Sachs Group Dep. pfd. (Rep. 1/1000th Non-Cum. pfd. Series N),GS+N,27.25,27.38,27.20,27.26,0.01,0.04,53107,28.34,25.61,1.58,5.78,-2.08,Preferred Stocks
Goldman Sachs Group Dep. Shs pfd. Ser B,GS+B,25.95,25.95,25.89,25.91,-0.08,-0.30,56289,27.27,25.39,1.55,5.98,0.13,Preferred Stocks
Goldman Sachs Group Dep. Shs pfd. Ser C,GS+C,22.72,22.76,22.71,22.75,0.05,0.20,18177,24.21,21.61,1.04,4.59,...,Preferred Stocks
Goldman Sachs Group Dep. Shs pfd. Ser D,GS+D,22.61,22.66,22.53,22.56,-0.02,-0.09,98291,24.16,21.37,1.04,4.63,-0.13,Preferred Stocks
Goldman Sachs Group Dep. Shs pfd. Series A,GS+A,22.49,22.52,22.31,22.32,-0.07,-0.29,46169,24.46,20.44,0.98,4.39,-1.02,Preferred Stocks
Goldman Sachs Group Dep. Shs (Rep. 1/1000th pfd. Series J) Fixed-to-Floating Rate,GS+J,26.52,26.60,26.45,26.51,-0.05,-0.19,150066,28.35,25.19,1.38,5.19,...,Preferred Stocks
Government Properties Income Trust 5.875% Sr. Notes due 2046,GOVNI,25.65,25.93,25.62,25.68,0.07,0.29,33096,26.37,24.20,1.47,5.72,-0.60,Preferred Stocks
Gramercy Property Trust 7.125% pfd. Series A,GPTA,26.42,26.42,26.26,26.26,-0.24,-0.91,766,27.77,25.69,1.78,6.78,-2.48,Preferred Stocks
Great Ajax 7.25% Conv. Sr. Notes due 2024,AJXA,25.20,25.30,25.20,25.30,...,...,842,26.83,25.20,1.81,7.16,-0.32,Preferred Stocks
Great Elm Capital Corp. 6.5% Notes due 2022,GECCL,25.05,25.07,25.00,25.07,...,...,3400,25.90,24.75,1.63,6.49,-1.49,Preferred Stocks
Hancock Holding 5.95% Sub. Notes due 2045,HBHCL,25.65,25.85,25.59,25.75,0.04,0.14,12144,26.73,24.59,1.49,5.78,-1.24,Preferred Stocks
Hanover Insurance Group 6.35% Sub. Deb. due 2053,THGA,25.23,25.27,25.18,25.25,-0.02,-0.08,22788,26.00,25.02,1.59,6.29,-0.29,Preferred Stocks
Hartford Financial Services Group 7.875% Fixed-to-Floating Rate Jr. Sub. Deb. due 2042,HGH,29.27,29.33,29.11,29.27,...,...,80654,32.13,28.68,1.97,6.73,0.03,Preferred Stocks
Harvest Capital Credit 6.125% Notes due 2022,HCAPZ,25.58,25.59,25.40,25.54,-0.01,-0.04,9280,26.95,25.03,1.53,6.00,0.35,Preferred Stocks
Hercules Capital 6.25% Notes due 2024,HTGX,25.06,25.13,25.06,25.06,0.01,0.04,9470,25.90,25.05,1.56,6.24,-2.19,Preferred Stocks
Hersha Hospitality Trust 6.5% Cum. Redeem. pfd. Series D,HT+D,24.29,24.29,24.05,24.05,-0.14,-0.58,56078,26.49,23.02,1.63,6.76,-2.47,Preferred Stocks
Hersha Hospitality Trust 6.5% Cum. Redeem. pfd. Series E,HT+E,24.88,25.10,24.55,24.58,...,...,23790,26.40,22.75,1.63,6.61,-0.65,Preferred Stocks
Hersha Hospitality Trust 6.875% Cum. Redeem. pfd. Series C,HT+C,25.04,25.04,24.94,25.00,-0.07,-0.28,1746,26.37,24.53,1.72,6.88,-0.55,Preferred Stocks
Hess Dep. pfd. (Rep. 1/20th 8% Conv. pfd. Series A),HESA,64.28,64.55,63.09,63.32,-1.27,-1.97,10059,70.33,48.24,4.00,6.32,9.40,Preferred Stocks
Hillman Group Capital Trust 11.60% Trust pfd. Secs,HLM+,34.20,34.98,34.20,34.82,0.37,1.08,5551,36.95,32.00,2.90,8.33,1.39,Preferred Stocks
Hoegh LNG Partners 8.75% Cum. Perp. pfd. Series A,HMLPA,26.85,26.89,26.64,26.85,-0.04,-0.15,54512,27.13,24.64,...,...,-0.22,Preferred Stocks
Horizon Technology Finance 6.25% Notes 091522,HTFA,25.45,25.67,25.43,25.62,0.06,0.23,3410,25.99,25.25,1.56,6.10,0.87,Preferred Stocks
Hovnanian Enterprises Dep. pfd. Series A,HOVNP,7.70,7.74,7.50,7.70,-0.05,-0.65,74858,8.47,5.50,...,...,2.67,Preferred Stocks
HSBC Holdings 8.125% Perp Sub Capital Secs,HSEA,27.05,27.08,26.95,26.95,-0.10,-0.37,97015,27.99,25.98,2.03,7.54,-1.46,Preferred Stocks
HSBC Holdings ADR (Rep 1/4 of a share of 6.20% Non-Cum $ Pref. shares Series A),HSBCA,25.95,26.00,25.95,25.95,...,...,60405,27.56,25.31,1.55,5.97,0.50,Preferred Stocks
HSBC Holdings plc Perp Sub Cap Secs Exch Pref Shs Ser 2,HSEB,26.80,26.85,26.80,26.80,-0.05,-0.19,156288,27.59,24.99,2.00,7.46,-0.15,Preferred Stocks
Huntington Bancshares Dep. pfd. (Rep. 1/40th 5.875% Non-Cum. Perp. pfd. Series C),HBANN,26.09,26.09,25.77,25.77,-0.28,-1.06,732,26.85,24.60,1.47,5.70,-1.01,Preferred Stocks
Huntington Bancshares Dep. pfd. (Rep. 1/40th Non-Cum. Perp. pfd. Series D),HBANO,27.30,27.30,27.04,27.15,-0.09,-0.33,30148,28.68,25.43,1.56,5.76,-3.52,Preferred Stocks
Huntington Bancshares Non-Cum. Perp. Conv. pfd. Series A,HBANP,1360.00,1360.00,1350.20,1350.20,-3.80,-0.28,472,1507.90,1330.02,85.00,6.30,-3.93,Preferred Stocks
IBERIABANK Dep. pfd. (Rep. 1/400th Share pfd. Series B),IBKCP,27.52,27.65,27.29,27.65,0.46,1.68,3174,30.50,26.01,1.66,5.99,-2.55,Preferred Stocks
ING Groep 6.125% Perp. Debt Securities,ISG,25.60,25.72,25.60,25.65,-0.05,-0.20,31705,26.37,25.05,...,...,0.43,Preferred Stocks
ING Groep 6.375% Perp. Hybrid Capital Sec.,ISF,25.66,25.66,25.61,25.61,-0.05,-0.19,46651,26.24,25.26,1.59,6.22,-0.35,Preferred Stocks
Innovative Industrial Properties 9% Cum. Conv. Redeem. pfd. Series A,IIPRA,27.24,28.45,27.00,27.00,-0.10,-0.37,12098,28.80,24.64,...,...,-3.36,Preferred Stocks
Interstate Power&Light 5.1% Perp. pfd. Series D,IPLD,25.22,25.22,25.13,25.13,-0.04,-0.17,4105,27.30,24.56,1.27,5.07,-1.36,Preferred Stocks
Invesco Mortgage Capital 7.5% Cum. Redeem. pfd. Series C,IVR+C,25.05,25.17,24.97,24.97,-0.08,-0.32,88346,25.73,24.80,...,...,-0.08,Preferred Stocks
Invesco Mortgage Capital Cum. pfd. Series B,IVRB,25.72,25.98,25.61,25.67,-0.26,-1.00,26692,26.44,24.00,1.94,7.55,-0.35,Preferred Stocks
Invesco Mortgage Capital pfd. Series A,IVRA,25.12,25.17,25.12,25.13,0.02,0.07,8986,25.70,24.23,1.94,7.71,0.46,Preferred Stocks
Investors Real Estate Trust 6.625% Cum. Redeem. pfd. Series C,IRETC,25.33,25.33,24.81,24.99,-0.37,-1.46,20965,26.08,24.50,...,...,-3.94,Preferred Stocks
iStar 8% Cum. Redeem. pfd. Series D,STARD,25.28,25.66,25.25,25.43,0.15,0.60,8164,26.12,23.95,2.00,7.87,0.23,Preferred Stocks
iStar 7.5% Cum. Redeem. pfd. Series I,STARI,25.20,25.40,25.20,25.20,0.01,0.04,4079,25.94,23.31,1.88,7.44,0.08,Preferred Stocks
iStar 7.65% Cum. Redeem. pfd. Series G,STARG,25.30,25.39,25.22,25.22,-0.13,-0.52,1530,25.94,23.52,1.91,7.58,-1.18,Preferred Stocks
JMP Group 8% Sr. Notes due 2023,JMPB,25.20,25.20,25.20,25.20,-0.15,-0.59,223,26.00,25.10,2.00,7.94,-0.36,Preferred Stocks
JMP Group 7.25% Sr. Notes due 2027,JMPD,25.35,25.35,25.14,25.18,-0.17,-0.67,37682,25.62,24.55,...,...,-0.43,Preferred Stocks
JPMorgan Chase 6.7% pfd. Series T,JPMB,26.88,26.89,26.78,26.81,-0.05,-0.19,61994,27.82,25.80,1.68,6.25,-0.85,Preferred Stocks
JPMorgan Chase 6.125% Dep. pfd. (Rep. 1/400th Non-Cum. pfd. Series Y),JPMPF,26.48,26.53,26.38,26.42,-0.06,-0.23,56284,27.36,25.44,1.53,5.80,-0.86,Preferred Stocks
JPMorgan Chase Dep. pfd. (Rep. 1/400th Non-Cum. pfd. Series AA),JPMG,26.71,26.83,26.63,26.63,-0.13,-0.49,46330,27.43,25.37,1.52,5.73,-1.26,Preferred Stocks
JPMorgan Chase Dep. pfd. (Rep. 1/400th pfd. Series BB),JPMH,26.70,26.81,24.03,26.70,...,0.02,159427,27.41,24.03,1.54,5.76,-0.84,Preferred Stocks
JPMorgan Chase Dep. pfd. (Rep. 1/400th Share pfd. Series W),JPMPE,26.60,26.60,26.46,26.46,-0.10,-0.38,64375,27.70,25.59,1.58,5.95,-2.18,Preferred Stocks
JPMorgan Chase Dep. Shs. (Rep. 1/400th 5.45% Non-Cum. pfd. Series P),JPMA,25.25,25.27,25.19,25.21,-0.04,-0.16,61307,26.06,24.65,1.36,5.40,-0.63,Preferred Stocks
Just Energy Group Cum. Redeem. Perp. pfd. Series A,JE+A,24.75,24.75,24.63,24.65,0.11,0.45,6557,27.70,23.05,2.13,8.62,-0.88,Preferred Stocks
Kansas City Southern 4% Non-Cum pfd.,KSU+,27.62,27.62,27.62,27.62,0.22,0.82,69,29.50,25.45,1.00,3.62,1.36,Preferred Stocks
Kayne Anderson MLP Investment 3.5% Mand. Redeem. pfd. Series F,KYNF,25.16,25.19,25.15,25.17,0.02,0.08,2610,26.00,25.14,0.88,3.48,-0.32,Preferred Stocks
KCAP Financial 6.125% Notes due 2022,KCAPL,25.17,25.28,25.03,25.25,-0.04,-0.16,12693,25.67,24.65,1.53,6.06,0.59,Preferred Stocks
Kemper 7.375% Sub. Deb. due 2054,KMPA,26.19,26.20,26.08,26.20,0.07,0.25,2959,28.25,25.82,1.84,7.04,0.45,Preferred Stocks
KeyCorp Dep. pfd. (Rep. 1/40th Non-Cum. Perp. pfd. Series E),KEYI,28.87,28.89,28.51,28.66,-0.02,-0.07,30187,29.97,26.05,1.53,5.34,-0.90,Preferred Stocks
Kimco Realty Dep. pfd. (Rep. 1/1000 Share 5.5% Cum. Redeem. pfd. Series J),KIMJ,24.99,25.11,24.90,24.96,-0.05,-0.21,10266,25.61,23.01,1.38,5.51,-0.32,Preferred Stocks
Kimco Realty Dep. pfd. (Rep. 1/1000th 5.25% Cum. Redeem. pfd. Series M),KIMM,25.00,25.00,24.92,24.99,...,...,108125,25.25,24.60,...,...,0.20,Preferred Stocks
Kimco Realty Dep. pfd. (Rep. 1/1000th pfd. Cl L),KIML,24.73,24.80,24.63,24.79,0.10,0.41,24008,25.99,24.30,1.28,5.17,0.20,Preferred Stocks
Kimco Realty Dep. Shs (Rep. 1/1000th of a share 6% Cum. Redeem. pfd. Series I),KIMI,25.01,25.04,24.98,24.98,-0.01,-0.04,69122,25.58,24.44,1.50,6.00,-0.83,Preferred Stocks
Kimco Realty Dep. Shs (Rep. 1/1000th pfd. Series K),KIMK,24.99,25.04,24.94,24.94,-0.01,-0.04,11327,25.85,23.18,1.41,5.64,-0.68,Preferred Stocks
Kinder Morgan Dep. pfd. (Rep. 1/20th pfd. Conv. Series A),KMIA,39.43,40.00,39.01,39.49,0.09,0.23,126212,50.00,32.18,4.88,12.34,4.03,Preferred Stocks
KKR 6.5% Non-Cum. Perp. pfd. Series B,KKRB,26.49,26.90,26.48,26.90,0.41,1.55,40736,27.37,25.09,1.63,6.04,0.56,Preferred Stocks
KKR 6.75% Non-Cum. Perp. pfd. Series A,KKRA,26.66,26.93,26.66,26.86,0.22,0.84,65865,27.69,25.42,1.69,6.28,-0.54,Preferred Stocks
Ladenburg Thalmann Financial Services 6.5% Notes due 2027,LTSL,24.61,27.67,24.61,25.06,0.45,1.85,10110,27.67,24.06,1.63,6.48,1.31,Preferred Stocks
Ladenburg Thalmann Financial Services pfd.,LTSA,24.96,25.50,24.96,25.22,-0.36,-1.41,36360,25.70,24.03,2.00,7.93,-0.36,Preferred Stocks
Landmark Infrastructure Partners 8% Cum. Redeem. Perp. pfd. Series A,LMRKP,25.15,25.45,25.15,25.24,0.09,0.36,4175,26.14,24.80,2.00,7.92,-0.11,Preferred Stocks
Landmark Infrastructure Partners 7.9% pfd. Series B,LMRKO,25.38,25.40,25.30,25.30,-0.09,-0.33,1700,25.76,24.04,1.98,7.81,-0.82,Preferred Stocks
LaSalle Hotel Properties 6.3% pfd. Series J SBI,LHOJ,25.50,25.50,25.41,25.50,0.04,0.15,5018,26.50,23.65,1.58,6.18,-0.93,Preferred Stocks
LaSalle Hotel Properties 6.375% Cum. Redeem. pfd. Series I SBI,LHOI,25.11,25.11,25.08,25.10,0.03,0.12,1396,26.00,23.75,1.59,6.35,...,Preferred Stocks
Legacy Reserves 8% Fixed-to-Floating Cum. Redeem. Perp. pfd. Series A,LGCYP,5.85,6.05,5.64,5.74,-0.27,-4.49,34645,12.44,3.69,2.00,34.84,22.13,Preferred Stocks
Legacy Reserves 8% Series B Fixed-to-Floating Cum. Redeem. Perp. pfd.,LGCYO,6.04,6.04,5.71,5.83,-0.12,-2.02,110207,12.14,3.69,2.00,34.31,24.31,Preferred Stocks
Legg Mason 5.45% Jr. Sub. Notes due 2056,LMHB,24.72,24.85,24.72,24.84,0.13,0.53,65130,25.73,22.55,1.36,5.49,-1.66,Preferred Stocks
Legg Mason 6.375% Jr. Sub. Notes Due 2056,LMHA,26.60,28.47,26.48,26.58,0.25,0.95,30575,28.47,25.33,1.59,6.00,-2.49,Preferred Stocks
Lehman ABS 3.50% Adj. Corporate Bkd TRUCs Goldman Sachs Capital I Sec-Bkd Series 2004-6,JBK,25.75,25.85,25.75,25.85,0.10,0.38,975,26.71,21.50,1.59,6.14,2.81,Preferred Stocks
Maiden Holdings 6.7% pfd. Series D,MH+D,20.60,20.60,18.77,19.70,-0.81,-3.95,99004,25.60,18.77,1.68,8.50,-5.92,Preferred Stocks
Maiden Holdings 7.75% Notes 2043,MHNC,24.54,24.54,24.24,24.43,-0.11,-0.45,35688,27.62,24.09,1.94,7.93,-0.00,Preferred Stocks
Maiden Holdings 6.625% Notes 2046,MHLA,22.26,22.44,20.66,21.25,-1.01,-4.54,54675,27.28,20.66,1.66,7.79,-7.61,Preferred Stocks
Maiden Holdings 7.125% Non-Cum. pfd. Series C,MH+C,23.65,23.77,23.20,23.39,-0.23,-0.96,67179,26.67,23.20,1.78,7.62,-4.22,Preferred Stocks
Maiden Holdings pfd. Series A,MH+A,24.75,24.75,24.19,24.30,-0.32,-1.30,22390,26.27,24.19,2.06,8.49,-1.62,Preferred Stocks
Main Street Capital 6.125% Sr. Notes 2023,MSCA,25.43,25.55,25.41,25.53,0.11,0.44,7157,26.60,25.23,1.53,6.00,1.08,Preferred Stocks
MB Financial Dep. pfd. (Rep. 1/40th Non-Cum. Perp. pfd. Series C),MBFIO,26.17,26.20,25.94,26.03,-0.11,-0.42,124196,26.48,24.95,...,...,-0.99,Preferred Stocks
MB Financial Perp. Non-Cum. pfd. Series A,MBFIP,25.46,25.47,25.46,25.47,-0.01,-0.04,16602,27.21,25.34,2.00,7.85,0.19,Preferred Stocks
Mechel ADR Pfd,MTL+,1.15,1.15,1.13,1.13,-0.05,-4.57,16000,1.35,0.80,0.09,7.69,7.25,Preferred Stocks
Medallion Financial 9% Notes due 2021,MFINL,25.20,25.54,24.50,25.54,0.14,0.55,2523,26.96,13.21,2.25,8.81,-4.81,Preferred Stocks
Medical Transcription Billing 11% Cum. Redeem. Perp. pfd. Series A,MTBCP,25.53,25.58,25.51,25.52,0.04,0.14,5760,27.80,22.90,2.75,10.78,0.99,Preferred Stocks
Medley 7.25% Notes due 2024,MDLQ,25.15,25.16,25.05,25.10,-0.10,-0.38,6218,25.75,24.69,1.81,7.22,-0.42,Preferred Stocks
Medley 6.875% Sr. Notes 2026,MDLX,24.56,24.58,24.46,24.49,-0.16,-0.65,6348,25.00,23.76,1.72,7.02,-1.17,Preferred Stocks
Medley Capital 6.5% Notes 2021,MCX,25.51,25.78,25.51,25.53,0.04,0.16,2245,26.39,25.35,1.63,6.37,-1.05,Preferred Stocks
Medley Capital 6.125% Sr. Notes due 2023,MCV,25.06,25.09,25.05,25.09,0.03,0.12,5095,25.77,23.93,1.53,6.10,-0.59,Preferred Stocks
Merrill Lynch Capital Trust I 6.45% Trust Pref. Secs,MERK,25.96,26.06,25.83,25.87,-0.16,-0.61,26555,26.53,25.25,1.61,6.23,-0.84,Preferred Stocks
Merrill Lynch Capital Trust III 7.335% Trust pfd. Secs,MERP,26.85,26.87,26.74,26.76,-0.08,-0.31,51353,27.88,25.60,1.84,6.89,-1.52,Preferred Stocks
Merrill Lynch Depositor 6.0518% Index Plus Trust Series 2003-1,IPB,27.90,28.00,27.90,28.00,0.10,0.36,1008,28.91,26.22,1.51,5.40,1.08,Preferred Stocks
Merrill Lynch Depositor PPLUS Cl A 6.30% TRUCs Series RRD-1 for R.R. Donnelley&Sons,PYS,20.40,20.74,20.38,20.62,0.40,1.98,27180,25.24,19.70,1.58,7.64,1.83,Preferred Stocks
Merrill Lynch Depositor PreferredPLUS 8.375% Trust Ctf. Series CZN-1 (Issued by Citizens Communications),PIY,16.44,16.47,16.00,16.00,-0.44,-2.68,6020,27.24,11.66,2.09,13.09,8.77,Preferred Stocks
MetLife Floating Rate Non-Cum. pfd. Series A,META,25.02,25.02,24.90,24.97,0.06,0.24,53805,25.67,23.27,1.01,4.05,0.52,Preferred Stocks
MFA Financial 8% Sr. Notes due 2042,MFO,25.61,25.89,25.53,25.89,0.27,1.05,6778,26.36,25.17,2.00,7.72,-1.78,Preferred Stocks
MFA Financial 7.5% Cum. Redeem. pfd. Series B,MFAB,25.27,25.30,25.25,25.29,0.04,0.14,15731,25.89,23.56,1.88,7.42,-0.06,Preferred Stocks
Mississippi Power Dep. pfd. (Rep. 1/4 Share of 5.25% Series D pfd.),MP+D,26.39,26.39,26.36,26.36,0.55,2.13,1550,27.36,25.10,1.31,4.98,2.73,Preferred Stocks
Mitcham Industries 9% Cum. pfd. Series A,MINDP,22.95,22.95,22.88,22.90,0.03,0.13,7720,24.50,22.31,2.25,9.83,-1.51,Preferred Stocks
Monmouth Real Estate Investment 6.125% Cum. Redeem. pfd. Series C,MNRC,25.10,25.12,24.99,25.07,-0.02,-0.06,44687,26.74,23.65,1.53,6.11,0.16,Preferred Stocks
Morgan Stanley Dep. pfd. (Rep. 1/1000 Non-Cum. pfd. Series K),MS+K,26.94,26.94,26.78,26.81,0.03,0.11,36681,27.72,21.15,1.46,5.46,-1.07,Preferred Stocks
Morgan Stanley Dep. pfd. (Rep. 1/1000th Non-Cum. pfd. Series 1),MS+I,27.46,27.50,27.35,27.40,...,...,159765,29.01,25.88,1.59,5.82,-1.62,Preferred Stocks
Morgan Stanley Dep. pfd. (Rep. 1/1000th Non-Cum. pfd. Series E),MS+E,28.79,28.94,28.73,28.81,-0.04,-0.14,64947,30.32,28.06,1.78,6.18,-0.52,Preferred Stocks
Morgan Stanley Dep. pfd. (Rep. 1/1000th pfd. Series F),MS+F,28.42,28.45,28.34,28.37,-0.04,-0.14,35088,29.79,27.10,1.72,6.06,-0.25,Preferred Stocks
Morgan Stanley Dep. pfd. (Rep. 1/1000th pfd. Series G),MS+G,26.41,26.41,26.25,26.27,-0.08,-0.30,24133,28.17,25.84,1.66,6.31,-1.67,Preferred Stocks
MS Non-Cum. pfd. Stock Series A,MS+A,22.72,22.72,22.59,22.63,-0.09,-0.40,80422,24.50,21.90,1.02,4.52,-0.04,Preferred Stocks
MS Structured Asset SATURNS J.C. Penney Deb-Bkd Series 2007-1 7.00% Call Cl A Un,HJV,14.08,14.29,13.50,14.16,-0.15,-1.07,3996,17.75,10.00,1.75,12.36,14.74,Preferred Stocks
MTGE Investment 8.125% Cum. Redeem.Pfd. Series A,MTGEP,25.67,25.70,25.54,25.54,-0.13,-0.51,2192,27.42,24.95,2.03,7.95,-2.15,Preferred Stocks
MVC Capital 6.25% Sr. Notes 113022,MVCD,25.85,25.85,25.52,25.59,-0.11,-0.43,6127,27.25,24.96,1.56,6.11,-0.97,Preferred Stocks
National General Holdings 7.5% pfd. Series A,NGHCP,24.85,25.00,23.98,24.50,-0.31,-1.25,39787,26.66,23.98,1.88,7.65,-3.01,Preferred Stocks
National General Holdings 7.625% Notes,NGHCZ,25.30,25.32,24.31,24.90,-0.50,-1.97,24945,26.38,24.31,1.91,7.66,-2.01,Preferred Stocks
National General Holdings Dep. pfd. (Rep. 1/40th 7.5% pfd. Series C),NGHCN,24.99,24.99,24.24,24.68,-0.20,-0.80,80963,26.26,24.11,1.88,7.60,-1.40,Preferred Stocks
National General Holdings Dep. pfd. (Rep. 1/40th Non-Cum. pfd. Series B),NGHCO,25.05,25.05,24.25,24.64,-0.21,-0.85,66377,26.62,24.21,1.88,7.61,-1.64,Preferred Stocks
National Retail Properties Dep. pfd. (Rep. 1/100th 5.2% Cum. Redeem. pfd. Reg. Series F),NNNF,24.93,24.93,24.67,24.87,0.09,0.38,89085,25.57,21.73,1.30,5.23,-0.88,Preferred Stocks
National Retail Properties Dep. pfd. (Rep. 1/100th Share 5.7% Cum. Redeem. pfd. Series E),NNNE,25.26,25.51,25.26,25.40,0.11,0.45,46549,26.38,23.50,1.43,5.61,-0.63,Preferred Stocks
National Storage Affiliates Trust 6% Cum. Redeem. pfd. Series A,NSAA,25.88,25.89,25.68,25.75,-0.14,-0.54,55508,26.30,24.90,...,...,-1.11,Preferred Stocks
Navient 6% Sr. Notes 2043,JSM,23.80,23.93,23.80,23.81,-0.06,-0.27,6830,24.73,21.51,1.50,6.30,0.17,Preferred Stocks
Navios Maritime Holdings ADR (Rep. 1/100th Perp. pfd. Series H),NM+H,16.50,16.50,16.50,16.50,-0.01,-0.07,1620,18.89,9.79,2.16,13.07,1.19,Preferred Stocks
Newtek Business Services 7% Notes due 2021,NEWTL,25.36,25.38,25.36,25.38,-0.17,-0.67,721,25.87,25.16,1.75,6.90,-0.30,Preferred Stocks
Newtek Business Services 7.5% Nts due 2022,NEWTZ,25.96,26.04,25.96,26.04,0.11,0.42,500,27.50,25.67,1.88,7.20,-1.81,Preferred Stocks
New York Community Bancorp Dep pfd. (Rep. 1/40th Fixed/Floating Rate pfd. Series A),NYCBA,28.64,28.64,28.28,28.46,-0.07,-0.25,27457,30.39,24.75,1.59,5.60,-0.49,Preferred Stocks
New York Community Capital Trust V BONUSES,NYCBU,50.90,50.95,50.70,50.80,-0.05,-0.10,2460,52.30,49.66,3.00,5.91,0.14,Preferred Stocks
New York Mortgage Trust 7.75% Cum. Redeem. pfd. Series B,NYMTP,25.24,25.24,24.90,24.91,-0.02,-0.07,3729,26.00,23.01,1.94,7.78,-1.57,Preferred Stocks
New York Mortgage Trust 7.875% Cum. Redeem. pfd. Series C,NYMTO,24.65,24.65,24.26,24.36,-0.13,-0.55,24740,25.56,22.90,1.97,8.08,-0.58,Preferred Stocks
New York Mortgage Trust Conv. pfd. Series D,NYMTN,24.77,24.83,24.67,24.74,0.01,0.04,66569,25.27,23.64,...,...,0.20,Preferred Stocks
NextEra Energy Capital Holdings 5% pfd. Jr Sub. Deb. Series J due 1/15/2073,NEEJ,24.91,24.91,24.75,24.80,-0.02,-0.08,40367,25.62,21.95,1.25,5.04,-0.64,Preferred Stocks
NextEra Energy Capital Holdings Series I Junior Sub. Deb. due 2072,NEEI,25.02,25.12,24.98,25.01,-0.01,-0.04,19350,25.48,22.43,1.28,5.12,0.16,Preferred Stocks
NGL Energy Partners Perp. pfd. Cl B Fixed/Floating,NGLB,24.85,24.94,24.74,24.94,0.10,0.40,79832,25.08,22.73,2.25,9.02,2.21,Preferred Stocks
Niagara Mohawk Power 3.60% Cum. pfd.,NMKB,96.81,96.81,96.81,96.81,0.03,0.03,298,102.00,93.15,3.60,3.72,-0.22,Preferred Stocks
Northern Trust Dep. pfd. (Rep. 1/1000th Prep. pfd. Series C),NTRSP,25.96,26.10,25.84,25.85,-0.18,-0.68,28101,27.93,25.18,1.46,5.66,-1.56,Preferred Stocks
NuSTAR Energy 9% Cum. Redeem. Perp. pfd. Series C,NS+C,25.80,25.83,25.70,25.76,-0.07,-0.27,99114,26.43,24.55,...,...,-0.77,Preferred Stocks
NuSTAR Energy 7.625% Cum. Redeem. pfd. Series B,NS+B,23.90,23.96,23.65,23.72,-0.19,-0.79,91247,26.08,21.84,1.91,8.04,4.72,Preferred Stocks
NuSTAR Energy Cum. Redeem. Perp. pfd. Series A,NS+A,25.17,25.20,25.09,25.10,-0.15,-0.59,46816,27.40,23.83,2.13,8.47,1.01,Preferred Stocks
NuSTAR Logistics 7.625% Fixed-to-Floating Rate Sub. Notes due 2043,NSS,25.27,25.27,25.20,25.25,...,...,248757,26.61,24.62,1.91,7.55,1.00,Preferred Stocks
Oaktree Specialty Lending 5.875% Sr. Notes due 2024,OSLE,25.12,25.12,24.78,25.05,-0.03,-0.13,9498,25.35,24.78,...,...,-0.64,Preferred Stocks
Oaktree Specialty Lending 6.125% Sr. Notes due 2028,OCSLL,24.99,25.06,24.90,24.90,-0.10,-0.40,845,25.77,24.89,...,...,-1.19,Preferred Stocks
OFG Bancorp 7% Non-Cum. Monthly pfd. Series B,OFGB,22.12,22.17,21.93,22.13,0.12,0.57,4374,24.78,21.29,1.75,7.91,0.32,Preferred Stocks
OFG Bancorp 7.125% Non-Cum. Monthly pfd. Series A,OFGA,24.24,24.24,23.61,23.61,-0.19,-0.80,996,25.70,21.41,1.78,7.54,-2.12,Preferred Stocks
OFG Bancorp 7.125% Perp. pfd. Series D,OFGD,22.59,23.00,22.52,22.68,0.05,0.24,14460,25.24,21.90,1.78,7.85,1.06,Preferred Stocks
Old Second Capital Trust I 7.80% Cum. Trust pfd. Secs,OSBCP,10.40,10.40,10.39,10.40,...,...,2156,10.70,10.19,0.78,7.50,-0.29,Preferred Stocks
OM Asset Management 5.125% Notes 2031,OMAA,24.50,24.56,24.40,24.40,-0.14,-0.57,5622,25.30,21.61,1.28,5.25,-2.09,Preferred Stocks
Oxford Lane Capital 6.75% Cum. Redeem. pfd. Series 2024,OXLCM,25.19,25.35,25.10,25.16,-0.03,-0.10,13148,25.59,24.75,1.69,6.71,-0.14,Preferred Stocks
Oxford Lane Capital 7.50% pfd. Series 2023,OXLCO,25.33,25.42,25.33,25.42,0.02,0.08,1665,25.75,25.00,1.88,7.38,0.08,Preferred Stocks
Pacific Gas&Electric 5% Cum. Redeem. pfd.,PCGD,23.90,23.90,23.65,23.65,-0.27,-1.13,3730,26.95,21.54,1.25,5.29,-2.07,Preferred Stocks
Pacific Gas&Electric 5% pfd.,PCGC,24.34,24.60,24.00,24.60,0.47,1.95,4041,29.01,23.20,1.25,5.08,0.06,Preferred Stocks
Pacific Gas&Electric 6% Cum. pfd.,PCGA,27.70,27.96,27.25,27.96,0.26,0.94,19091,33.50,21.18,1.50,5.36,-0.85,Preferred Stocks
Pacific Gas&Electric 4.5% Cum. Redeem. pfd.,PCGZ,22.35,22.35,22.30,22.30,-0.04,-0.18,1201,29.54,20.36,1.13,5.04,-3.33,Preferred Stocks
Pacific Gas&Electric 5.5% Cum. pfd.,PCGB,25.20,25.55,25.20,25.35,...,...,5027,33.00,23.00,1.38,5.42,-1.90,Preferred Stocks
Pacific Gas&Electric 4.36% Cum. Redeem. pfd.,PCGI,22.63,22.63,22.35,22.35,-0.11,-0.50,660,26.84,20.70,1.09,4.88,-0.89,Preferred Stocks
PartnerRe 6.5% Cum. Redeem. pfd. Series G,PREG,26.68,26.98,26.68,26.88,0.19,0.71,25258,27.59,25.47,1.63,6.05,0.15,Preferred Stocks
PartnerRe 7.25% Cum. Redeem. Pfd. Series H,PREH,28.40,29.17,28.27,29.00,0.66,2.35,57991,30.82,27.11,1.81,6.25,1.15,Preferred Stocks
PartnerRe 5.875% pfd. Series F,PREFX,25.35,25.49,25.35,25.47,0.12,0.47,3593,26.24,24.50,1.47,5.77,-0.47,Preferred Stocks
PartnerRe 5.875% Redeem. pfd. Series I,PREI,25.78,25.88,25.42,25.50,-0.37,-1.43,8304,27.08,23.97,1.47,5.76,-2.93,Preferred Stocks
Pebblebrook Hotel Trust 6.5% Cum. Redeem. pfd. Series C,PEBCC,25.22,25.22,25.07,25.12,-0.15,-0.59,1733,26.65,24.49,1.63,6.47,-0.59,Preferred Stocks
Pebblebrook Hotel Trust 6.375% Cum. Redeem. pfd. Series D,PEBD,25.53,25.53,25.41,25.48,0.09,0.36,2074,26.98,24.28,1.59,6.26,-1.11,Preferred Stocks
Pennsylvania Real Estate Investment Trust 6.875% Perp. pfd. Series D,PEID,24.80,24.80,24.58,24.63,-0.25,-1.00,31433,25.83,24.50,...,...,-1.91,Preferred Stocks
Pennsylvania Real Estate Investment Trust Cum. Redeem. Perp. pfd. Series B,PEIB,25.19,25.19,25.06,25.11,-0.06,-0.24,101717,25.83,24.83,1.84,7.34,-0.28,Preferred Stocks
Pennsylvania Real Estate Investment Trust Cum. Redeem. Perp. pfd. Series C,PEIC,25.29,25.45,25.20,25.22,-0.29,-1.14,45955,27.77,24.27,1.80,7.14,-2.63,Preferred Stocks
PennyMac Mortgage Investment  8.125%Trust pfd. Series A,PMTA,25.11,25.20,25.10,25.17,0.02,0.08,12570,25.84,24.28,2.03,8.07,-0.24,Preferred Stocks
PennyMac Mortgage Investment Trust 8% Cum. Redeem. Pfd Series B,PMTB,25.05,25.13,25.03,25.06,0.01,0.04,34065,25.45,24.62,2.00,7.98,-0.48,Preferred Stocks
People's United Financial 5.625% Non-Cum. Perp. pfd. Series A,PBCTP,27.90,27.99,27.76,27.80,-0.09,-0.32,34104,29.36,25.32,1.41,5.06,-1.84,Preferred Stocks
Pitney Bowes 6.70% Notes Due 2043,PBIZ,24.41,24.57,24.40,24.40,-0.06,-0.23,52355,26.96,21.46,1.68,6.86,0.06,Preferred Stocks
Plymouth Industrial REIT 7.5% Cum. Redeem. pfd. Series A,PLYMA,24.78,24.95,24.76,24.90,0.12,0.48,19384,26.07,24.26,...,...,-0.99,Preferred Stocks
PNC Financial Services Group Dep. pfd. (Rep. 1/4000th Non-Cum. Perp. pfd. Series P),PNCP,27.83,27.87,27.65,27.67,-0.12,-0.44,122737,30.06,27.22,1.53,5.53,-2.23,Preferred Stocks
PNC Financial Services Group Dep. pfd. (Rep. 1/4000th Non-Cum. Perp. pfd. Series Q),PNCQ,25.13,25.15,25.03,25.13,...,...,37168,25.79,24.17,1.34,5.35,-0.87,Preferred Stocks
Popular 6.375% Cumulative Monthly Income Trust Pfd Securities,BPOPN,24.35,24.35,24.16,24.16,-0.18,-0.74,1120,25.00,22.61,1.67,6.93,-0.49,Preferred Stocks
Popular Capital Trust II 6.125% Cum. Monthly Income Trust Pfd Securities,BPOPM,22.24,22.35,22.24,22.24,-0.09,-0.38,5811,24.20,17.66,1.53,6.89,-1.59,Preferred Stocks
PPL Capital Funding 2013 Series B Jr. Sub. Notes due 2073,PPX,25.44,25.49,25.43,25.45,-0.13,-0.51,12590,26.75,24.62,1.48,5.80,-0.55,Preferred Stocks
Prospect Capital 6.25% Notes 2024,PBB,26.07,26.07,25.90,25.95,-0.12,-0.48,9588,26.50,25.15,1.56,6.02,0.18,Preferred Stocks
Prudential 6.5% Perp Sub Cap Secs Exch at the Issuer's Option into Non-Cum $ Denominated Pref Shs,PUKA,26.11,26.18,26.11,26.11,-0.02,-0.08,5062,27.21,25.40,1.63,6.22,0.08,Preferred Stocks
Prudential 6.75% Perp. SKIS,PUK+,26.18,26.18,26.07,26.10,-0.07,-0.27,22347,27.07,25.35,...,...,-0.35,Preferred Stocks
Prudential Financial 5.7% Jr. Sub. Notes due 2053,PRH,25.17,25.20,25.08,25.09,-0.06,-0.24,72331,26.41,24.61,1.43,5.68,-0.79,Preferred Stocks
Prudential Financial 5.75% Junior Sub. Notes due 2052,PJH,25.24,25.24,25.18,25.18,-0.10,-0.40,18509,26.45,24.49,1.44,5.71,-0.28,Preferred Stocks
Prudential Financial Prudential Financial Inflation linked Retail Medium Term Nts,PFK,25.55,25.55,25.21,25.21,-0.03,-0.12,3344,26.45,25.10,...,...,0.44,Preferred Stocks
PS Business Parks Dep. pfd. (Rep. 1/1000 pfd. Series W),PSBW,25.01,25.21,25.00,25.07,0.12,0.48,18421,25.77,21.77,1.30,5.19,-0.71,Preferred Stocks
PS Business Parks Dep. pfd. (Rep. 1/1000th 5.25% Cum. Redeem. pfd. Series X),PSBX,25.20,25.24,25.08,25.09,-0.11,-0.44,42837,25.50,24.63,...,...,-0.67,Preferred Stocks
PS Business Parks Dep. pfd. (Rep. 1/1000th Cum. Perp. pfd. Series Y),PSBY,24.80,24.88,24.73,24.84,0.05,0.20,122891,25.14,24.70,...,...,-1.04,Preferred Stocks
PS Business Parks Dep. pfd. (Rep. 1/1000th Cum. pfd. Series V),PSBV,25.22,25.31,25.22,25.31,0.02,0.08,22676,26.65,24.10,1.43,5.63,0.04,Preferred Stocks
PS Business Parks Dep. pfd. (Rep. 1/1000th Cum. pfd. Share Series U),PSBU,25.70,25.88,25.64,25.85,0.09,0.35,154861,25.88,23.70,1.44,5.56,2.38,Preferred Stocks
Public Storage Dep. pfd. (Rep. 1/1000 Share 4.9% Cum. pfd. Series E),PSAE,24.60,24.60,24.46,24.54,-0.03,-0.12,32843,25.48,21.28,1.23,4.99,-1.41,Preferred Stocks
Public Storage Dep. pfd. (Rep. 1/1000 shares 6.375% Cum. pfd. Series Y),PSAY,26.19,26.39,26.16,26.39,0.24,0.92,38512,27.83,26.00,1.59,6.04,-0.79,Preferred Stocks
Public Storage Dep. pfd. (Rep. 1/1000th 5.15% pfd. SBI Series F),PSAF,24.93,25.00,24.93,24.94,...,...,30773,25.69,24.76,1.29,5.16,-0.32,Preferred Stocks
Public Storage Dep. pfd. (Rep. 1/1000th 5.125% Cum. pfd. Series C),PSAC,25.07,25.13,25.04,25.06,-0.10,-0.40,8492,26.45,22.38,1.28,5.11,-1.61,Preferred Stocks
Public Storage Dep. pfd. (Rep. 1/1000th Cum. pfd. SBI Series X),PSAX,24.97,25.04,24.97,25.00,0.02,0.08,6523,25.79,23.29,1.30,5.20,0.04,Preferred Stocks
Public Storage Dep. pfd. (Rep. 1/1000th Cum. pfd. Series G),PSAG,24.85,24.90,24.70,24.75,-0.00,-0.00,35899,25.63,24.62,1.26,5.10,-0.80,Preferred Stocks
Public Storage Dep. pfd. (Rep. 1/1000th of 5.75% Cum. pfd. Series U),PSAUU,25.15,25.16,25.11,25.12,...,...,30513,25.57,23.83,1.41,5.60,-0.08,Preferred Stocks
Public Storage Dep. pfd. (Rep 1/1000th pfd. SBI Series V),PSAVX,25.07,25.13,25.07,25.10,-0.01,-0.04,37258,25.66,23.21,1.34,5.35,-0.44,Preferred Stocks
Public Storage Dep. pfd. (Rep. 1/1000th pfd. SBI Series W),PSAW,24.94,25.03,24.94,25.01,0.05,0.20,22587,25.67,23.63,1.30,5.20,0.08,Preferred Stocks
Public Storage Dep. pfd. (Rep. 1/1000th pfd. Series Z),PSAZ,26.15,26.27,26.12,26.14,0.04,0.15,12758,27.56,25.69,1.50,5.74,-1.17,Preferred Stocks
Public Storage Dep. pfd. (Rep. 1/1000th Share 4.95% Cum. pfd. Series D),PSAD,24.73,24.73,24.55,24.60,-0.02,-0.08,27232,25.41,21.53,1.24,5.03,-1.68,Preferred Stocks
Public Storage Dep. pfd. (Rep 1/1000th Share of 5.4% Cum. pfd. Series B),PSAB,25.66,25.66,25.40,25.49,-0.17,-0.65,24336,26.69,23.50,1.35,5.30,-0.78,Preferred Stocks
Public Storage Dep. pfd. (Rep. 1/1000th Share pfd. Series A),PSAA,26.05,26.88,26.05,26.70,0.65,2.48,24080,27.79,25.01,1.47,5.50,0.62,Preferred Stocks
Qwest 7% Notes 2052,CTX,23.94,23.94,23.74,23.78,-0.13,-0.54,31758,25.95,22.65,1.75,7.36,0.08,Preferred Stocks
Qwest 7% Notes due 2052,CTU,24.00,24.00,23.73,23.78,-0.14,-0.59,21172,25.79,22.67,1.75,7.36,0.13,Preferred Stocks
Qwest 7% Notes due 2056,CTAA,24.60,24.81,24.37,24.59,-0.01,-0.04,28827,27.77,22.73,1.75,7.12,-0.49,Preferred Stocks
Qwest 7.5% Notes due 2051,CTW,25.34,25.34,24.98,24.99,-0.25,-0.99,37723,25.89,24.20,1.88,7.50,-0.75,Preferred Stocks
Qwest 6.75% Notes due 2057,CTDD,22.84,22.90,22.74,22.75,-0.09,-0.39,57288,25.97,21.55,1.69,7.42,-0.57,Preferred Stocks
Qwest 6.125% Notes due 2053,CTY,21.85,21.85,21.40,21.44,-0.41,-1.88,72480,25.57,18.66,1.53,7.14,-2.55,Preferred Stocks
Qwest 6.625% Notes due 2055,CTZ,22.55,22.70,22.51,22.51,-0.13,-0.57,33214,25.96,21.37,1.66,7.36,-0.57,Preferred Stocks
Qwest 6.875% Notes due 2054,CTV,23.80,23.81,23.64,23.69,-0.03,-0.13,33794,26.40,22.21,1.72,7.26,0.64,Preferred Stocks
Radiant Logistics 9.75% Cum. Redeem. Perp. Pfd. Series A,RLGTA,26.29,26.51,26.01,26.44,0.30,1.16,2125,27.91,25.72,2.44,9.22,2.18,Preferred Stocks
RAIT Financial Trust 7.75% Cum. Redeem. pfd. Series A,RASA,12.45,13.41,12.41,13.12,0.67,5.42,14106,23.07,8.36,1.94,14.76,8.02,Preferred Stocks
RAIT Financial Trust 7.125% Sr. Notes 2019,RFTA,22.95,23.00,22.80,22.95,...,...,10695,25.49,19.50,1.78,7.76,2.00,Preferred Stocks
RAIT Financial Trust 7.625% Notes,RFT,19.40,19.70,19.15,19.65,0.18,0.94,19996,24.88,16.61,1.91,9.70,2.92,Preferred Stocks
RAIT Financial Trust 8.375% Cum. Redeem. pfd. Series B,RASB,13.20,14.07,13.20,13.90,0.89,6.83,7490,24.10,9.04,2.09,15.06,10.42,Preferred Stocks
RAIT Financial Trust 8.875% Cum. Redeem. pfd. Series C,RASC,14.05,15.13,14.05,14.93,1.03,7.38,19862,25.39,9.25,2.22,14.86,12.74,Preferred Stocks
Ramco-Gershenson Properties Trust 7.25% Perp Conv Pfd Series D,RPTD,56.00,56.00,56.00,56.00,0.25,0.45,1040,61.13,48.92,3.63,6.47,-2.88,Preferred Stocks
Rayonier Advanced Materials 8% pfd. Series A,RYAMA,139.80,139.80,139.80,139.80,0.28,0.20,600,147.60,94.94,8.00,5.72,-2.89,Preferred Stocks
Regional Health Properties 10.875% Cum. Redeem. pfd. Series A,RHEA,7.40,7.40,6.75,6.80,-0.81,-10.59,7134,23.70,5.72,...,...,-15.00,Preferred Stocks
Regions Financial Dep. Pfd. (Rep. 1/40th Perp. pfd. Series A),RF+A,25.36,25.41,25.33,25.41,0.02,0.08,19617,26.25,25.01,1.59,6.27,0.28,Preferred Stocks
Regions Financial Dep. pfd. (Rep. 1/40th Perp. pfd. Series B),RF+B,28.03,28.04,27.90,28.00,-0.03,-0.11,23459,29.82,26.56,1.59,5.69,-1.51,Preferred Stocks
Reinsurance Group of America 5.75% Fixed-to-Floating Sub. Deb. 2056,RZB,28.16,28.16,27.88,28.00,...,...,15759,29.86,26.10,1.44,5.13,0.04,Preferred Stocks
Reinsurance Group of America Inc. 6.2% Fixed-to-Floating Rate Sub Debt Due 2042,RZA,27.80,27.88,27.65,27.85,0.02,0.07,37240,30.60,26.99,1.55,5.57,1.20,Preferred Stocks
RenaissanceRe Hldgs 6.08% Pref. Shs Series C,RNRC,25.40,25.40,25.30,25.32,-0.08,-0.31,7461,26.05,24.95,1.52,6.00,-0.74,Preferred Stocks
RenaissanceRe Holdings 5.375% pfd. Series E,RNRE,24.80,24.86,24.65,24.86,0.25,1.02,38367,25.98,23.00,1.34,5.41,-1.15,Preferred Stocks
Resource Capital 8.625% pfd. Series C,RSOC,25.40,25.40,25.36,25.36,...,...,10161,26.00,22.35,2.16,8.50,-0.63,Preferred Stocks
Resource Capital Corp. 8.5% Cum Red Pfd Series A,RSOA,24.98,24.99,24.97,24.98,0.01,0.06,16948,25.58,23.51,2.13,8.51,0.18,Preferred Stocks
Resource Capital pfd. Series B,RSOB,24.98,24.98,24.92,24.92,-0.03,-0.14,26582,25.37,22.17,2.06,8.28,-0.28,Preferred Stocks
Rexford Industrial Realty 5.875% Cum. Conv. pfd. Series B,REXRB,25.00,25.00,24.76,24.86,-0.14,-0.56,7640,25.64,23.71,...,...,-2.15,Preferred Stocks
Rexford Industrial Realty 5.875% Cum. Redeem. pfd. Series A,REXRA,25.33,25.33,25.05,25.30,-0.10,-0.39,13971,26.41,22.90,1.47,5.81,-1.56,Preferred Stocks
Rexnord Dep. pfd. (Rep. 1/20th Share Mand. pfd. Series A),RXNA,62.57,62.58,61.20,61.44,0.39,0.64,6288,63.37,51.08,2.88,4.68,4.99,Preferred Stocks
RiverNorth Marketplace Lending 5.875% Cum. pfd. Series A,RMPL+,25.12,25.25,25.12,25.15,0.03,0.12,3699,25.69,25.00,...,...,-0.59,Preferred Stocks
RLJ Lodging Trust $1.95 Cum. Conv. pfd. Series A,RLJA,26.59,26.59,26.27,26.27,-0.23,-0.87,14764,29.24,24.16,1.95,7.42,-2.74,Preferred Stocks
Royal Bank of Scotland Group ADR Series S,RBSS,25.78,25.78,25.56,25.57,-0.21,-0.80,66671,27.32,25.05,1.65,6.45,0.49,Preferred Stocks
Sabra Healthcare REIT 7.125% Cum. Redeem. pfd. Series A,SBRAP,25.74,25.74,25.38,25.59,0.16,0.63,1868,26.61,24.98,1.78,6.96,0.64,Preferred Stocks
Safe Bulkers 8% Cum. Redeem. Perp. pfd. Series C,SB+C,23.75,24.26,23.75,24.01,0.36,1.53,4547,24.26,15.75,2.00,8.33,0.46,Preferred Stocks
Safe Bulkers 8% Perp. pfd. Series D,SB+D,23.61,24.04,23.61,23.86,0.29,1.22,16127,24.20,15.72,2.00,8.38,1.40,Preferred Stocks
Santander Finance Preferred Unipersonal 6.41% Non-Cum Grd pfd. Series 1,SANI,25.88,25.89,25.85,25.85,0.19,0.74,2148,28.02,21.82,1.60,6.20,0.51,Preferred Stocks
Santander Finance Preferred Unipersonal 6.50% Non-Cum Series 5 Grd pfd. Sec.,SANC,25.92,26.00,25.85,25.90,-0.14,-0.54,5066,28.30,24.85,1.63,6.27,-0.04,Preferred Stocks
Santander Finance Preferred Unipersonal 6.80% Non-Cum Grd pfd. Series 4,SANA,26.12,26.19,26.12,26.16,0.02,0.08,2896,26.69,25.38,1.70,6.50,1.32,Preferred Stocks
Santander Finance Preferred Unipersonal Floating Rate Non-Cum Series 6 Grd pfd. Sec.,SANB,24.34,24.37,24.24,24.33,-0.10,-0.41,9975,24.97,23.30,1.01,4.16,0.95,Preferred Stocks
Santander Holdings USA Inc. Dep. Pfd. (Rep. a 1/1000th Interest in a share of Series N Non-Cum Perpet Pfd),SOVC,25.80,25.80,25.80,25.80,0.07,0.29,465,26.89,25.19,1.83,7.07,0.48,Preferred Stocks
Saratoga Investment 6.75% Notes 2023,SAB,25.85,25.98,25.82,25.82,-0.14,-0.54,1498,26.79,25.60,1.69,6.54,0.08,Preferred Stocks
Saul Centers Dep pfd. (Rep. 1/100th Share 6.875% Cum. Redeem. pfd. Series C),BFSC,25.24,25.24,25.05,25.12,0.09,0.35,2750,25.98,25.02,1.72,6.84,-0.76,Preferred Stocks
SCE Trust III 5.75% Fixed-to-Floating Rate Trust pfd.,SCEH,26.19,26.75,26.00,26.25,0.06,0.23,47285,29.43,25.36,1.44,5.48,-2.96,Preferred Stocks
SCE Trust II Trust 5.10% pfd.,SCEG,24.32,24.40,24.16,24.16,-0.24,-0.98,41682,25.89,22.46,1.27,5.28,-0.04,Preferred Stocks
SCE Trust IV 5.375% pfd. Series J,SCEJ,25.52,25.71,25.49,25.51,-0.01,-0.04,117968,29.43,25.30,1.34,5.27,-1.12,Preferred Stocks
SCE Trust V 4.45% Fixed-to-Floating Rate Trust pfd. Series K,SCEK,26.30,26.31,26.07,26.10,-0.07,-0.27,104112,29.56,25.94,1.36,5.22,-1.25,Preferred Stocks
SCE Trust VI 5% Cum. Redeem. pfd. Series L,SCEL,24.06,24.34,23.95,24.10,0.09,0.37,84303,25.77,22.68,1.25,5.19,0.33,Preferred Stocks
Scorpio Bulkers 7.5% Sr. Notes 2019,SLTB,25.38,25.42,25.30,25.42,0.13,0.51,8460,25.80,22.53,1.88,7.38,-0.10,Preferred Stocks
Scorpio Tankers 6.75% Sr. Notes 051520,SBNA,24.70,24.75,24.50,24.70,...,...,6137,25.03,23.10,1.69,6.83,-0.64,Preferred Stocks
Scorpio Tankers 8.25% Notes 060119,SBBC,25.52,25.52,25.52,25.52,0.01,0.04,1017,26.51,24.96,...,...,0.39,Preferred Stocks
Seaspan 8.2% Perp. Cum. Redeem. pfd. Series G,SSWG,24.73,24.93,24.62,24.75,0.17,0.69,36573,25.20,19.49,2.05,8.28,1.85,Preferred Stocks
Seaspan 7.95% Cum. Redeem. Perp. pfd. Series D,SSWD,25.00,25.20,24.94,24.97,-0.03,-0.12,25703,25.20,19.11,1.99,7.96,1.38,Preferred Stocks
Seaspan 6.375% Notes due 2019,SSWN,25.34,25.35,25.30,25.35,0.03,0.12,8105,26.01,23.50,1.59,6.29,-0.78,Preferred Stocks
Seaspan 7.125% Notes due 2027,SSWA,23.71,23.89,23.62,23.62,-0.04,-0.17,38197,24.85,23.40,1.78,7.54,-2.88,Preferred Stocks
Seaspan 7.875% Cum. Redeem. Perp. pfd. Series H,SSWH,23.86,24.20,23.82,24.10,0.49,2.08,135502,24.96,19.16,1.97,8.17,1.90,Preferred Stocks
Seaspan Cum. Redeem. pfd. Series E,SSWE,25.14,25.19,25.01,25.19,0.11,0.42,9235,25.49,19.75,2.06,8.19,1.49,Preferred Stocks
Select Asset CBTC Series 2006 CorTS Cl A for J.C. Penney Deb. Tr,JBR,14.48,14.64,13.99,13.99,-0.11,-0.78,6058,17.98,9.82,1.75,12.51,12.01,Preferred Stocks
Select Asset CorTS for J.C. Penney Deb. Bkd Series 2007-1 Cl A-1 7.00%,JBN,14.25,14.36,13.81,13.91,-0.24,-1.70,8033,17.47,9.92,1.75,12.58,10.66,Preferred Stocks
Selective Insurance Group 5.875% Sr. Notes due 2043,SGZA,25.18,25.22,25.18,25.20,-0.00,-0.00,8479,25.83,24.60,1.47,5.83,0.08,Preferred Stocks
Sempra Energy 6% Conv. pfd. Series A,SREA,100.30,100.62,100.01,100.44,0.16,0.16,467645,100.62,99.96,6.00,5.97,...,Preferred Stocks
Senior Housing Properties Trust 6.25% Sr. Notes 2046,SNHNL,26.27,26.37,26.27,26.33,-0.04,-0.14,30294,27.42,24.83,1.56,5.93,-1.96,Preferred Stocks
Senior Housing Properties Trust 5.625% Sr Notes Due 2042,SNHNI,25.02,25.13,24.97,24.97,-0.04,-0.16,7473,25.95,22.80,1.41,5.63,-1.19,Preferred Stocks
Seritage Growth Properties 7% Cum. Redeem. pfd. Series A,SRGA,24.40,24.40,24.20,24.23,0.13,0.54,10199,24.70,24.00,...,...,-0.29,Preferred Stocks
SL Green Realty pfd. Series I,SLG/I,25.20,25.20,25.16,25.19,-0.01,-0.04,3141,26.50,24.69,1.63,6.45,0.44,Preferred Stocks
SLM Float. Rate Non-Cum. pfd. Series B,SLMBP,69.25,69.25,68.25,68.70,-0.29,-0.42,4789,74.65,55.85,3.05,4.45,-0.07,Preferred Stocks
Sotherly Hotels 8% Cum. Redeem. pfd. Series B,SOHOB,26.06,26.06,25.51,26.00,0.46,1.80,3099,26.42,24.99,2.00,7.69,1.40,Preferred Stocks
Sotherly Hotels 7.875% Cum. Conv. Perp. pfd. Series C,SOHOO,25.39,25.39,25.30,25.30,-0.03,-0.12,2173,25.76,24.90,1.73,6.83,-0.20,Preferred Stocks
Southern 5.25% Jr. Sub. Notes 120177 Series 2017B,SOJC,24.70,24.75,24.63,24.66,0.03,0.12,175851,25.78,24.60,...,...,-3.10,Preferred Stocks
Southern 5.25% Jr. Sub. Notes Series 2016A,SOJB,25.04,25.12,25.01,25.05,0.08,0.32,66580,26.25,22.51,1.31,5.24,-2.53,Preferred Stocks
Southern 6.25% Notes Series 2015A,SOJA,26.28,26.43,26.28,26.35,-0.03,-0.11,71523,27.52,25.76,1.56,5.93,-2.37,Preferred Stocks
Southern California Edison 4.08% pfd.,SCEB,23.34,23.34,22.86,22.93,0.06,0.27,1113,25.00,22.07,1.02,4.45,-0.30,Preferred Stocks
Southern California Edison 4.24% pfd.,SCEC,23.75,23.75,23.15,23.15,-0.05,-0.22,2000,25.25,23.15,1.06,4.58,-2.44,Preferred Stocks
Southern California Edison 4.32% Cum. pfd.,SCED,23.01,23.25,23.00,23.21,-0.04,-0.17,3267,26.43,22.40,1.08,4.65,-3.69,Preferred Stocks
Southern California Edison 4.78% Cum. pfd.,SCEE,24.73,24.73,24.28,24.28,-0.49,-1.96,14091,27.56,24.28,1.20,4.92,-4.48,Preferred Stocks
Spark Energy Perp. pfd. Series A,SPKEP,26.28,26.30,26.09,26.09,-0.08,-0.29,3067,27.56,24.42,2.19,8.38,-1.95,Preferred Stocks
Spirit Realty Capital 6% Cum. Redeem. pfd. Series A,SRCA,24.88,24.91,24.80,24.91,0.01,0.04,85995,26.40,23.65,...,...,0.28,Preferred Stocks
STAG Industrial 6.625% Cum. Redeem. pfd. Series B,STAGB,25.29,25.29,25.25,25.25,-0.10,-0.39,445,26.16,24.88,1.66,6.56,...,Preferred Stocks
STAG Industrial 6.875% Cum. Redeem. pfd. Series C,STAGC,26.44,26.44,26.35,26.35,-0.09,-0.34,646,27.74,25.44,1.72,6.52,0.65,Preferred Stocks
Stanley Black&Decker Inc. 5.75% Jr Sub Debt Due 2052,SWJ,25.22,25.25,25.19,25.22,-0.07,-0.28,41112,26.00,24.46,1.44,5.70,...,Preferred Stocks
Star Bulk Carriers 8.30% Sr. Notes 2022,SBLKZ,25.27,25.30,25.11,25.15,-0.18,-0.73,22593,26.00,24.21,...,...,-0.67,Preferred Stocks
State Street Dep. pfd. (Rep. 1/4000th 6% Non-Cum. Perp. pfd. Series E),STTE,26.26,26.30,26.07,26.07,-0.26,-0.99,68528,27.16,25.65,1.50,5.75,-1.47,Preferred Stocks
State Street Dep. pfd. (Rep. 1/4000th Non. Cum. Perp. pfd. Series C),STTC,25.01,25.09,25.01,25.02,0.02,0.07,12618,25.55,23.88,1.31,5.25,-0.72,Preferred Stocks
State Street Dep. pfd. (Rep. 1/4000th Perp. pfd. Non-Cum. Series G),STTG,26.78,26.84,26.66,26.72,0.01,0.04,119526,28.45,25.09,1.34,5.00,-1.47,Preferred Stocks
State Street Dep. pfd. (Rep. 1/4000th Perp. pfd. Series D),STTD,26.97,27.17,26.95,27.02,...,...,142281,28.96,25.93,1.47,5.46,-1.60,Preferred Stocks
Steel Partners Holdings 6% pfd. Series A,SPLPA,21.07,21.11,21.00,21.00,-0.10,-0.46,11787,24.00,20.49,1.50,7.14,-0.74,Preferred Stocks
Stellus Capital Investment 5.75% Notes due 2022,SCA,25.25,25.37,25.20,25.31,...,...,5435,25.64,24.80,1.44,5.68,-0.08,Preferred Stocks
Stericycle Dep. pfd. (Rep. 1/10th 5.25% Conv. pfd. Series A),SRCLP,56.01,56.74,56.01,56.34,0.35,0.63,26552,75.95,49.84,5.25,9.32,6.38,Preferred Stocks
Sterling Bancorp Dep. pfd. (Rep. 1/40th 6.5% Perp. pfd. Series A),STLA,26.28,26.39,26.27,26.30,0.02,0.08,25730,26.74,25.10,...,...,-0.08,Preferred Stocks
Stifel Financial 5.2% Sr. Notes due 2047,SFB,25.01,25.01,24.68,24.76,-0.16,-0.64,45579,26.20,24.63,1.30,5.25,-0.68,Preferred Stocks
Stifel Financial Dep. pfd. (Rep. 1/40th pfd. Series A),SF+A,26.63,26.63,26.28,26.29,-0.24,-0.90,27996,27.73,25.20,1.56,5.94,-2.92,Preferred Stocks
Structured Products 8.0% CorTS for PECO Energy Capital Trust III,KTH,32.30,32.70,32.30,32.30,-0.01,-0.04,1955,34.27,29.91,2.00,6.19,-0.13,Preferred Stocks
Structured Products 8.205% Credit-Enhanced CorTS,KTN,32.96,32.96,32.96,32.96,0.01,0.04,645,35.11,31.90,2.05,6.22,0.72,Preferred Stocks
Structured Products CorTS Certificial JC Penney 7 5/8% Deb. 2097,KTP,15.48,15.70,15.43,15.43,-0.13,-0.85,7944,20.71,11.06,1.91,12.35,8.12,Preferred Stocks
Summit Hotel Properties 6.45% Cum. Redeem. pfd. Series D,INND,25.57,25.64,25.41,25.41,-0.09,-0.34,1800,27.58,24.11,1.61,6.35,-0.33,Preferred Stocks
Summit Hotel Properties 7.125% Cum. Redeem. pfd. Series C,INNC,25.38,25.38,25.37,25.37,-0.02,-0.08,1450,26.25,25.14,1.78,7.02,-0.19,Preferred Stocks
Summit Hotel Properties Cum. Redeem. pfd. Series E,INNE,25.64,26.00,25.25,25.45,-0.18,-0.70,103415,26.25,22.10,...,...,-0.86,Preferred Stocks
Sunstone Hotel Investors 6.45% Cum. pfd. Series F,SHOF,26.49,26.49,26.00,26.00,0.65,2.56,288,26.98,24.55,1.61,6.20,0.54,Preferred Stocks
Sunstone Hotel Investors 6.95% Cum. Redeem. pfd. Series E,SHOE,25.96,26.11,25.96,25.97,-0.19,-0.73,8412,27.22,25.17,1.74,6.69,-0.57,Preferred Stocks
SunTrust Banks Dep. Pfd. (Rep 1/4000th Interest in a share of Perp. pfd. Series A),STIA,24.80,24.80,24.52,24.67,-0.08,-0.32,12257,25.83,23.41,1.01,4.10,0.33,Preferred Stocks
SunTrust Banks Dep. Pfd. (Rep. 1/4000th Perp. pfd. Series E),STI-E,25.19,25.24,25.17,25.19,-0.02,-0.08,28737,25.94,24.71,1.47,5.83,-0.16,Preferred Stocks
Sutherland Asset Management 7% Conv. Sr. Notes 081523,SLDA,25.50,25.69,25.45,25.45,-0.25,-0.97,28597,26.00,25.00,1.75,6.88,-0.78,Preferred Stocks
Synovus Financial Fixed-to-Floating Rate Non-Cum. Perp. pfd. Series C,SNVC,25.65,25.89,25.61,25.89,0.12,0.46,32486,28.97,25.61,1.97,7.60,-0.91,Preferred Stocks
Synthetic-Fixed-Income Securities 7.00% STRATS News America Call Cl A-1 Series 2006-4,GJV,25.70,25.80,25.70,25.80,-0.09,-0.37,584,26.97,25.24,1.75,6.78,-0.31,Preferred Stocks
Synthetic Fixed-Income Securities 6.375% STRATS Series 2004-6 Cl A-1 Trust for United States Cellular,GJH,10.07,10.14,10.07,10.14,0.09,0.90,671,10.36,9.70,0.64,6.29,0.90,Preferred Stocks
Synthetic Fixed-Income Securities STRATS Trust for Allstate Securities Series 2006-3,GJT,20.05,20.07,20.01,20.07,-0.03,-0.15,1398,20.40,18.18,0.56,2.82,0.35,Preferred Stocks
Targa Resources Partners pfd. Series A,NGLSA,26.68,26.77,26.58,26.75,0.16,0.59,10647,28.10,25.82,2.25,8.41,1.02,Preferred Stocks
Taubman Centers 6.25% Cum. Redeem. pfd. Series K,TCOK,25.20,25.20,25.15,25.17,-0.05,-0.18,6938,26.16,24.20,1.56,6.21,-0.18,Preferred Stocks
Taubman Centers pfd. Series J,TCOJ,25.19,25.27,25.18,25.27,0.05,0.20,14752,25.77,24.73,1.63,6.43,0.60,Preferred Stocks
TCF Financial 6.45% Non-Cum. Perp. pfd. Series B,TCFCX,25.35,25.40,25.33,25.40,...,...,10156,26.50,24.79,1.61,6.35,-1.13,Preferred Stocks
TCF Financial Dep. pfd. (Rep. 1/1000th Non-Cum. pfd. Series C),TCFD,25.34,25.50,25.15,25.15,-0.19,-0.75,50107,26.06,24.85,...,...,-2.25,Preferred Stocks
Teekay LNG Partners 9% Cum. Redeem. pfd. Series A,TGPA,25.59,25.65,25.53,25.57,-0.02,-0.08,15647,26.36,24.70,2.25,8.80,1.27,Preferred Stocks
Teekay LNG Partners 8.5% Cum. pfd. Series B,TGPB,24.80,24.84,24.70,24.75,-0.05,-0.20,174566,25.16,24.30,...,...,0.86,Preferred Stocks
Teekay Offshore Partners 7.25% Cum. Redeem pfd. Series A,TOOA,23.80,23.90,23.07,23.10,-0.64,-2.68,23516,24.49,12.69,1.81,7.85,0.08,Preferred Stocks
Teekay Offshore Partners pfd. Series B,TOOB,25.00,25.09,24.39,24.49,-0.51,-2.04,33918,26.00,14.75,2.13,8.68,-1.45,Preferred Stocks
Telephone&Data Systems 5.875% Sr. Notes due 2061,TDA,24.90,24.90,24.79,24.79,...,...,13561,25.64,23.32,1.47,5.92,-0.44,Preferred Stocks
Telephone&Data Systems 6.625% Sr. Notes 2045,TDI,24.80,24.93,24.70,24.93,0.08,0.34,9925,26.61,24.48,1.66,6.64,-2.43,Preferred Stocks
Telephone&Data Systems Inc. 7.00% Notes 2060,TDJ,25.34,25.34,25.19,25.20,-0.14,-0.55,7914,26.48,24.79,1.75,6.94,-0.32,Preferred Stocks
Telephone&Data Systems Inc. 6.8750% Sr. Notes 2059,TDE,25.09,25.09,24.90,24.90,-0.11,-0.44,9530,26.21,24.32,1.72,6.90,-1.62,Preferred Stocks
Tennessee Valley Authority Power Bonds 99 Series A,TVE,25.09,25.09,25.00,25.00,-0.02,-0.06,9326,25.37,24.50,0.84,3.36,...,Preferred Stocks
Tennessee Valley Authority Power Bonds Series D,TVC,25.35,25.35,25.21,25.24,-0.03,-0.12,13323,25.97,24.83,0.89,3.52,0.56,Preferred Stocks
Texas Capital Bancshares 6.5% Sub. Notes due 2042,TCBIL,25.35,25.35,25.32,25.32,-0.07,-0.29,5700,25.94,24.82,1.63,6.42,0.18,Preferred Stocks
Texas Capital Bancshares Non-Cum. Perp. pfd. Series A,TCBIP,25.50,25.54,25.46,25.48,-0.06,-0.24,5268,26.11,25.10,1.63,6.38,-0.28,Preferred Stocks
THL Credit 6.75% Notes 111521,TCRX,25.25,25.28,25.23,25.23,-0.02,-0.06,1709,25.94,25.09,1.69,6.69,0.10,Preferred Stocks
THL Credit 6.75% Notes 123022,TCRZ,25.75,25.86,25.65,25.86,-0.01,-0.04,2560,26.98,25.50,1.69,6.53,-0.26,Preferred Stocks
TICC Capital 6.5% Notes due 2024,TICCL,25.97,25.98,25.82,25.96,-0.00,-0.01,3488,26.99,25.00,1.63,6.26,0.44,Preferred Stocks
Torchmark 6.125% Jr. Sub. Deb. 2056,TMKC,26.56,26.56,26.42,26.44,-0.09,-0.32,14644,27.68,25.27,1.53,5.79,-1.18,Preferred Stocks
TravelCenters of America 8% Sr. Notes 101530,TANNZ,24.85,25.01,24.85,25.00,0.14,0.57,46720,26.49,17.00,2.00,8.00,0.04,Preferred Stocks
TravelCenters of America 8% Sr. Notes 121529,TANNL,25.02,25.13,24.96,25.00,-0.02,-0.08,11871,25.85,17.09,2.00,8.00,-0.79,Preferred Stocks
TravelCenters of America 8.25% Senior Notes due 2028,TANNI,25.11,25.11,24.94,24.95,-0.03,-0.11,8682,25.77,18.63,2.06,8.27,-1.18,Preferred Stocks
Triangle Capital 6.375% Sr. Notes 031522,TCCB,25.18,25.18,25.15,25.15,-0.05,-0.20,3288,26.70,23.99,1.59,6.34,-0.20,Preferred Stocks
Triangle Capital 6.375% Sr Nts due 2022,TCCA,25.19,25.19,25.02,25.06,-0.11,-0.43,4581,26.02,24.09,1.59,6.36,-0.24,Preferred Stocks
Tri-Continental $2.50 Cum. pfd.,TY+,51.00,51.00,51.00,51.00,0.11,0.21,201,52.89,48.53,2.50,4.90,1.19,Preferred Stocks
TriplePoint Venture Growth BDC 5.75% Notes due 2022,TPVY,25.35,25.42,25.27,25.40,-0.02,-0.08,3875,26.99,24.75,1.44,5.66,-1.85,Preferred Stocks
Tsakos Energy Navigation 8.75% Cum. Redeem. pfd. Series D,TNPD,25.10,25.25,24.93,24.98,-0.12,-0.48,8729,25.93,24.27,2.19,8.76,0.89,Preferred Stocks
Tsakos Energy Navigation 8.875% Cum. Redeem. Perp. pfd. Series C,TNPC,25.79,25.79,25.68,25.68,-0.11,-0.43,3682,26.29,25.05,2.22,8.64,0.71,Preferred Stocks
Tsakos Energy Navigation Cum. Redeem. Perp. pfd. Series E,TNPE,25.39,25.49,25.29,25.29,-0.09,-0.34,30271,25.89,24.58,2.31,9.14,0.28,Preferred Stocks
Two Harbors Investment 7.25% Cum. Redeem. pfd. Series C,TWOPC,24.90,25.00,24.89,25.00,0.06,0.24,107709,25.38,24.42,...,...,-0.32,Preferred Stocks
Two Harbors Investment 7.625% Cum. Redeem. pfd. Series B,TWOB,26.01,26.02,25.75,25.79,-0.28,-1.08,25625,27.05,24.94,1.91,7.39,-1.80,Preferred Stocks
Two Harbors Investment 8.125% Cum. Redeem. pfd. Series A,TWOA,27.01,27.10,26.81,26.83,-0.22,-0.81,5946,28.17,24.47,2.03,7.57,-1.58,Preferred Stocks
UMH Properties 6.75% Cum. Redeem. pfd. Series C,UMHC,26.49,26.49,26.23,26.30,-0.22,-0.83,7398,28.46,24.50,1.69,6.42,-3.17,Preferred Stocks
Urstadt Biddle Properties 6.25% Cum. Redeem. pfd. Series H,UBPH,26.45,26.45,26.25,26.42,-0.03,-0.11,3874,26.88,24.70,1.56,5.91,1.03,Preferred Stocks
Urstadt Biddle Properties 6.75% Cum. Redeem. pfd. Series G,UBPG,26.40,26.44,26.29,26.29,-0.06,-0.22,957,26.60,25.18,1.69,6.42,...,Preferred Stocks
U.S. Bancorp Dep. pfd. (Rep. 1/1000 Interest in a share of Non-Cum Perp pfd. Series B),USBHH,22.73,22.73,22.49,22.54,-0.07,-0.29,126563,24.55,22.23,0.89,3.97,-0.20,Preferred Stocks
U.S. Bancorp Dep. Pfd. (Rep. 1/1000 Interest in a share of Non-Cum Perp Pfd Series F),USBM,28.11,28.19,28.06,28.11,-0.01,-0.04,73234,30.44,27.80,1.63,5.78,-0.39,Preferred Stocks
U.S. Bancorp Dep. pfd. (Rep. 1/1000 Non-Cum. Perp. pfd. Series H),USBO,25.19,25.19,25.08,25.08,-0.03,-0.12,14059,26.50,24.54,1.29,5.13,-0.79,Preferred Stocks
U.S. Cellular 7.25% Sr. Notes 120163,UZB,25.75,25.83,25.66,25.75,-0.13,-0.49,15500,27.83,25.25,1.81,7.04,0.13,Preferred Stocks
U.S. Cellular 7.25% Sr. Notes 120164,UZC,26.13,26.14,25.90,26.10,0.08,0.31,24418,27.50,25.35,1.81,6.94,0.69,Preferred Stocks
U.S. Cellular Corp. 6.95% Sr. Notes 2060,UZA,25.16,25.16,25.11,25.12,-0.04,-0.14,6712,26.26,24.37,1.74,6.92,-0.46,Preferred Stocks
Validus Holdings Dep. pfd. (Rep. 1/1000th pfd. Series A),VR+A,25.54,25.55,25.36,25.45,...,...,41369,26.12,23.30,1.47,5.77,-1.81,Preferred Stocks
Validus Holdings Dep. pfd. (Rep. 1/1000th pfd. Series B),VR+B,25.50,25.50,25.36,25.41,-0.09,-0.35,20207,26.23,24.15,1.45,5.71,-0.82,Preferred Stocks
Valley National Bancorp 5.5% pfd. Series B,VLYB,26.36,26.36,26.20,26.20,-0.03,-0.11,4961,27.32,25.15,1.38,5.25,-0.95,Preferred Stocks
Valley National Bancorp 6.25% Perp. pfd. Series A,VLYA,27.58,27.69,27.40,27.54,-0.15,-0.54,8815,31.79,26.40,1.56,5.67,-0.76,Preferred Stocks
Ventas Realty LP/Ventas Capital 5.45% Sr. Notes due 2043,VTRB,25.15,25.16,25.06,25.06,-0.08,-0.31,7978,26.17,23.90,1.36,5.44,-0.41,Preferred Stocks
VEREIT 6.7% Cum. Redeem. pfd. Series F,VERFX,25.65,25.70,25.50,25.55,-0.08,-0.31,28089,27.05,25.11,1.68,6.56,-0.08,Preferred Stocks
Verizon Communications 5.9% Notes due 2054,VZA,26.30,26.40,26.28,26.37,0.10,0.38,36934,27.23,25.81,1.48,5.59,-0.04,Preferred Stocks
Virtus Investment Partners 7.25% Conv. Mand. Pfd. Series D,VRTSP,98.63,112.42,98.63,109.62,-1.31,-1.18,5609,112.42,91.56,7.25,6.61,8.60,Preferred Stocks
Vornado Realty Trust 5.7% pfd. Series K,VNOK,25.06,25.16,25.01,25.06,-0.08,-0.32,22930,25.87,23.91,1.43,5.69,-0.79,Preferred Stocks
Vornado Realty Trust 5.25% Cum. Redeem. Perp. pfd. Series M,VNOM,25.03,25.08,24.96,25.08,0.05,0.20,146592,26.44,24.63,...,...,-4.13,Preferred Stocks
Vornado Realty Trust 5.40% pfd. Cum. Redeem. Series L,VNOL,24.45,24.60,24.45,24.45,0.03,0.12,107786,25.78,22.93,1.35,5.52,-1.77,Preferred Stocks
Washington Prime Group 7.5% pfd. Series H,WPGH,24.81,24.88,24.68,24.71,-0.10,-0.39,10157,25.63,24.15,1.88,7.59,0.46,Preferred Stocks
Washington Prime Group 6.875% Cum. Redeem. pfd. Series I,WPGI,24.92,24.95,24.26,24.52,-0.23,-0.93,7584,26.17,23.69,1.72,7.01,-1.01,Preferred Stocks
Webster Financial Dep. pfd. (Rep. 1/1000th Non-Cum. Perp. pfd. Series F),WBSF,25.08,25.10,24.93,24.99,0.08,0.32,116089,25.45,24.82,...,...,-1.65,Preferred Stocks
Wells Fargo 7.5% Non-Cum. Perp. Conv. Cl A pfd. Series L,WFCX,1277.20,1283.79,1277.20,1280.10,2.10,0.16,36027,1359.86,1190.17,75.00,5.86,-2.28,Preferred Stocks
Wells Fargo Dep. pfd. (Rep 1/40th interest in a share of 8.00% Non-Cum Perp Cl A pfd. Series J),WFCJ,25.77,25.77,25.69,25.69,-0.08,-0.31,147616,27.73,25.45,2.00,7.79,0.16,Preferred Stocks
Wells Fargo Dep. pfd. (Rep. 1/1000 Non-Cum. Perp. pfd. Cl A Series Y),WFCY,25.70,25.77,25.61,25.70,-0.03,-0.12,81541,26.50,24.90,1.41,5.47,-0.93,Preferred Stocks
Wells Fargo Dep. pfd. (Rep. 1/1000th 5.2% Perp. pfd. Cl A Series N),WFCN,25.02,25.09,25.02,25.02,0.01,0.04,51894,25.43,23.39,1.30,5.20,-0.32,Preferred Stocks
Wells Fargo Dep. pfd. (Rep. 1/1000th 5.7% Non-Cum. Perp. pfd. Series W),WFCW,25.76,25.89,25.66,25.66,-0.09,-0.35,63851,26.65,24.27,1.43,5.55,-1.27,Preferred Stocks
Wells Fargo&Dep. pfd. (Rep. 1/1000th 5.125% Perp. pfd. Cl A Series O),WFCO,25.07,25.07,25.02,25.07,0.01,0.04,26201,25.36,23.52,1.28,5.11,-0.20,Preferred Stocks
Wells Fargo&Dep. pfd. (Rep. 1/1000th Non-Cum. Perp. Cl A pfd. Series P),WFCP,25.08,25.11,25.01,25.09,...,...,41405,26.08,23.55,1.31,5.23,-0.40,Preferred Stocks
Wells Fargo Dep. pfd. (Rep. 1/1000th Perp. pfd. Cl A),WFCR,28.52,28.80,28.42,28.44,-0.12,-0.42,80369,30.47,28.00,1.66,5.82,-0.63,Preferred Stocks
Wells Fargo Dep. pfd. (Rep. 1/1000th Perp. pfd. Cl A Series Q),WFCQ,26.84,26.92,26.63,26.70,-0.18,-0.67,177133,28.06,25.34,1.46,5.48,-1.11,Preferred Stocks
Wells Fargo Dep. pfd. (Rep. 1/1000th Perp. pfd. Cl A Series T),WFCT,26.11,26.18,26.02,26.02,-0.14,-0.54,69493,26.78,25.30,1.50,5.76,-1.63,Preferred Stocks
Wells Fargo Dep. pfd. (Rep. 1/1000th Perp. pfd. Series V),WFCV,26.51,26.62,26.36,26.41,-0.02,-0.08,82515,26.82,25.21,1.50,5.68,-1.49,Preferred Stocks
Wells Fargo Dep. pfd. (Rep. 1/1000th Perp. pfd. Series X Cl A),WFCXX,25.52,25.56,25.37,25.44,-0.04,-0.16,157680,26.16,23.50,1.38,5.40,-0.39,Preferred Stocks
Wells Fargo Real Estate Investment Cum. pfd. Series A,WFEA,26.44,26.44,25.96,26.05,-0.45,-1.70,37976,27.50,25.60,1.59,6.12,-1.66,Preferred Stocks
Welltower 6.5% Perp. Conv.Pfd. Series I,HCNI,58.09,58.58,57.75,57.88,0.28,0.49,34908,69.82,57.60,3.25,5.62,-3.32,Preferred Stocks
Western Alliance Bancorp. 6.25% Sub. Deb. 2056,WALA,26.16,26.29,26.14,26.17,0.02,0.08,15514,26.71,24.29,1.56,5.97,-0.17,Preferred Stocks
Wheeler Real Estate Investment Trust pfd. Cl B,WHLRP,18.10,18.10,15.93,16.61,-1.54,-8.48,20291,24.89,15.93,2.25,13.55,-24.12,Preferred Stocks
Wheeler Real Estate Investment Trust pfd. Series D,WHLRD,17.83,17.83,16.66,17.05,-0.47,-2.71,62950,26.44,16.45,2.19,12.83,-15.20,Preferred Stocks
WhiteHorse Finance 6.50% Senior Notes due 2020,WHFBL,25.56,25.56,25.47,25.47,0.03,0.12,1000,26.12,25.22,1.63,6.38,-0.51,Preferred Stocks
Wintrust Financial Fixed/Floating Non-Cum. Perp. pfd.,WTFCM,27.80,27.80,27.60,27.60,-0.19,-0.68,10448,29.31,26.35,1.64,5.94,-1.29,Preferred Stocks
WPX Energy 6.25% Conv. pfd. Series A,WPXP,63.79,64.65,63.38,63.38,-0.84,-1.31,31141,66.19,42.50,3.13,4.93,2.47,Preferred Stocks
W.R. Berkley 5.9% Deb. 2056,WRBC,25.69,26.02,25.69,26.02,0.24,0.93,11251,27.24,24.15,1.48,5.67,-0.61,Preferred Stocks
W.R. Berkley 5.75% Sub. Deb. 2056,WRBD,25.48,25.54,25.36,25.49,-0.01,-0.05,25566,26.92,23.96,1.44,5.64,-1.70,Preferred Stocks
W.R. Berkley 5.625% Sub. Deb. 2053,WRBB,25.14,25.14,24.88,24.94,-0.19,-0.76,27662,26.21,23.63,1.41,5.64,-1.11,Preferred Stocks
Zions Bancorp 6.95% Fixed-to-Floating Rate Sub. Notes due September 15 2028,ZBK,30.16,30.23,30.16,30.23,0.21,0.70,662,31.12,28.50,1.74,5.75,0.27,Preferred Stocks
Zions Bancorp Dep. pfd. (Rep. 1/40 Non-Cum. Perp. pfd. Series H),ZB+H,25.56,25.57,25.52,25.55,-0.10,-0.39,1533,26.14,24.58,1.44,5.63,-1.16,Preferred Stocks
Zions Bancorp Dep. pfd. (Rep. 1/40th Fixed/Floating Rate Non-Cum. Perp. pfd. Series G),ZB+G,27.10,27.21,26.95,27.08,-0.08,-0.29,24904,30.00,26.60,1.58,5.82,-0.44,Preferred Stocks
Zions Bncp Dep. pfd. (Rep. 1/40th Interest in a Share of Fltg. Rate Non-Cum. Perp. pfd. Series A),ZB+A,24.30,24.30,24.10,24.17,-0.32,-1.31,4650,25.87,23.23,1.01,4.18,-0.21,Preferred Stocks